week,sku,fsn,product_title,units_sold
2026-04-20,SKU:7-6-4 BOX,CPXHHJHZM4RSF3ZF,QLBY Corrugated Cardboard Packaging  Store  E commerce Packaging Box Pack of 25 Brown,2.0
2026-04-27,SKU:7-6-4 BOX,CPXHHJHZM4RSF3ZF,QLBY Corrugated Cardboard Packaging  Store  E commerce Packaging Box Pack of 25 Brown,0.0
2026-05-04,SKU:7-6-4 BOX,CPXHHJHZM4RSF3ZF,QLBY Corrugated Cardboard Packaging  Store  E commerce Packaging Box Pack of 25 Brown,0.0
2026-05-11,SKU:7-6-4 BOX,CPXHHJHZM4RSF3ZF,QLBY Corrugated Cardboard Packaging  Store  E commerce Packaging Box Pack of 25 Brown,0.0
2026-05-18,SKU:7-6-4 BOX,CPXHHJHZM4RSF3ZF,QLBY Corrugated Cardboard Packaging  Store  E commerce Packaging Box Pack of 25 Brown,0.0
2026-05-25,SKU:7-6-4 BOX,CPXHHJHZM4RSF3ZF,QLBY Corrugated Cardboard Packaging  Store  E commerce Packaging Box Pack of 25 Brown,0.0
2026-06-01,SKU:7-6-4 BOX,CPXHHJHZM4RSF3ZF,QLBY Corrugated Cardboard Packaging  Store  E commerce Packaging Box Pack of 25 Brown,0.0
2026-06-08,SKU:7-6-4 BOX,CPXHHJHZM4RSF3ZF,QLBY Corrugated Cardboard Packaging  Store  E commerce Packaging Box Pack of 25 Brown,0.0
2026-06-15,SKU:7-6-4 BOX,CPXHHJHZM4RSF3ZF,QLBY Corrugated Cardboard Packaging  Store  E commerce Packaging Box Pack of 25 Brown,0.0
2026-06-22,SKU:7-6-4 BOX,CPXHHJHZM4RSF3ZF,QLBY Corrugated Cardboard Packaging  Store  E commerce Packaging Box Pack of 25 Brown,0.0
2026-06-29,SKU:7-6-4 BOX,CPXHHJHZM4RSF3ZF,QLBY Corrugated Cardboard Packaging  Store  E commerce Packaging Box Pack of 25 Brown,0.0
2026-07-06,SKU:7-6-4 BOX,CPXHHJHZM4RSF3ZF,QLBY Corrugated Cardboard Packaging  Store  E commerce Packaging Box Pack of 25 Brown,0.0
2026-07-13,SKU:7-6-4 BOX,CPXHHJHZM4RSF3ZF,QLBY Corrugated Cardboard Packaging  Store  E commerce Packaging Box Pack of 25 Brown,0.0
2026-07-20,SKU:7-6-4 BOX,CPXHHJHZM4RSF3ZF,QLBY Corrugated Cardboard Packaging  Store  E commerce Packaging Box Pack of 25 Brown,1.0
2026-07-27,SKU:7-6-4 BOX,CPXHHJHZM4RSF3ZF,QLBY Corrugated Cardboard Packaging  Store  E commerce Packaging Box Pack of 25 Brown,0.0
2026-08-03,SKU:7-6-4 BOX,CPXHHJHZM4RSF3ZF,QLBY Corrugated Cardboard Packaging  Store  E commerce Packaging Box Pack of 25 Brown,0.0
2026-08-10,SKU:7-6-4 BOX,CPXHHJHZM4RSF3ZF,QLBY Corrugated Cardboard Packaging  Store  E commerce Packaging Box Pack of 25 Brown,2.0
2026-08-17,SKU:7-6-4 BOX,CPXHHJHZM4RSF3ZF,QLBY Corrugated Cardboard Packaging  Store  E commerce Packaging Box Pack of 25 Brown,2.0
2026-08-24,SKU:7-6-4 BOX,CPXHHJHZM4RSF3ZF,QLBY Corrugated Cardboard Packaging  Store  E commerce Packaging Box Pack of 25 Brown,3.0
2026-08-31,SKU:7-6-4 BOX,CPXHHJHZM4RSF3ZF,QLBY Corrugated Cardboard Packaging  Store  E commerce Packaging Box Pack of 25 Brown,1.0
2026-07-20,SKU:BLK-1-PK,DUPHHD5EGHJACB86,Mehsha Georgette Solid Women Dupatta,1.0
2026-07-27,SKU:BLK-1-PK,DUPHHD5EGHJACB86,Mehsha Georgette Solid Women Dupatta,0.0
2026-08-03,SKU:BLK-1-PK,DUPHHD5EGHJACB86,Mehsha Georgette Solid Women Dupatta,0.0
2026-08-10,SKU:BLK-1-PK,DUPHHD5EGHJACB86,Mehsha Georgette Solid Women Dupatta,1.0
2026-08-17,SKU:BLK-1-PK,DUPHHD5EGHJACB86,Mehsha Georgette Solid Women Dupatta,2.0
2026-08-24,SKU:BLK-1-PK,DUPHHD5EGHJACB86,Mehsha Georgette Solid Women Dupatta,8.0
2026-08-31,SKU:BLK-1-PK,DUPHHD5EGHJACB86,Mehsha Georgette Solid Women Dupatta,4.0
2026-08-10,SKU:BLK-CP-PLN,CAPHKHN3HQYEFH3Y,angar look Self Design Sports/Regular Cap,1.0
2026-08-17,SKU:BLK-CP-PLN,CAPHKHN3HQYEFH3Y,angar look Self Design Sports/Regular Cap,0.0
2026-08-24,SKU:BLK-CP-PLN,CAPHKHN3HQYEFH3Y,angar look Self Design Sports/Regular Cap,0.0
2026-08-31,SKU:BLK-CP-PLN,CAPHKHN3HQYEFH3Y,angar look Self Design Sports/Regular Cap,0.0
2026-02-16,SKU:BLK-CRM-NVY-PK3,DUPHKHQ7JQXZFHUX,Mehsha Georgette Solid Women Dupatta,3.0
2026-02-23,SKU:BLK-CRM-NVY-PK3,DUPHKHQ7JQXZFHUX,Mehsha Georgette Solid Women Dupatta,1.0
2026-03-02,SKU:BLK-CRM-NVY-PK3,DUPHKHQ7JQXZFHUX,Mehsha Georgette Solid Women Dupatta,0.0
2026-03-09,SKU:BLK-CRM-NVY-PK3,DUPHKHQ7JQXZFHUX,Mehsha Georgette Solid Women Dupatta,2.0
2026-03-16,SKU:BLK-CRM-NVY-PK3,DUPHKHQ7JQXZFHUX,Mehsha Georgette Solid Women Dupatta,0.0
2026-03-23,SKU:BLK-CRM-NVY-PK3,DUPHKHQ7JQXZFHUX,Mehsha Georgette Solid Women Dupatta,0.0
2026-03-30,SKU:BLK-CRM-NVY-PK3,DUPHKHQ7JQXZFHUX,Mehsha Georgette Solid Women Dupatta,1.0
2026-04-06,SKU:BLK-CRM-NVY-PK3,DUPHKHQ7JQXZFHUX,Mehsha Georgette Solid Women Dupatta,3.0
2026-04-13,SKU:BLK-CRM-NVY-PK3,DUPHKHQ7JQXZFHUX,Mehsha Georgette Solid Women Dupatta,0.0
2026-04-20,SKU:BLK-CRM-NVY-PK3,DUPHKHQ7JQXZFHUX,Mehsha Georgette Solid Women Dupatta,0.0
2026-04-27,SKU:BLK-CRM-NVY-PK3,DUPHKHQ7JQXZFHUX,Mehsha Georgette Solid Women Dupatta,0.0
2026-05-04,SKU:BLK-CRM-NVY-PK3,DUPHKHQ7JQXZFHUX,Mehsha Georgette Solid Women Dupatta,0.0
2026-05-11,SKU:BLK-CRM-NVY-PK3,DUPHKHQ7JQXZFHUX,Mehsha Georgette Solid Women Dupatta,0.0
2026-05-18,SKU:BLK-CRM-NVY-PK3,DUPHKHQ7JQXZFHUX,Mehsha Georgette Solid Women Dupatta,0.0
2026-05-25,SKU:BLK-CRM-NVY-PK3,DUPHKHQ7JQXZFHUX,Mehsha Georgette Solid Women Dupatta,0.0
2026-06-01,SKU:BLK-CRM-NVY-PK3,DUPHKHQ7JQXZFHUX,Mehsha Georgette Solid Women Dupatta,0.0
2026-06-08,SKU:BLK-CRM-NVY-PK3,DUPHKHQ7JQXZFHUX,Mehsha Georgette Solid Women Dupatta,0.0
2026-06-15,SKU:BLK-CRM-NVY-PK3,DUPHKHQ7JQXZFHUX,Mehsha Georgette Solid Women Dupatta,0.0
2026-06-22,SKU:BLK-CRM-NVY-PK3,DUPHKHQ7JQXZFHUX,Mehsha Georgette Solid Women Dupatta,0.0
2026-06-29,SKU:BLK-CRM-NVY-PK3,DUPHKHQ7JQXZFHUX,Mehsha Georgette Solid Women Dupatta,2.0
2026-07-06,SKU:BLK-CRM-NVY-PK3,DUPHKHQ7JQXZFHUX,Mehsha Georgette Solid Women Dupatta,0.0
2026-07-13,SKU:BLK-CRM-NVY-PK3,DUPHKHQ7JQXZFHUX,Mehsha Georgette Solid Women Dupatta,0.0
2026-07-20,SKU:BLK-CRM-NVY-PK3,DUPHKHQ7JQXZFHUX,Mehsha Georgette Solid Women Dupatta,0.0
2026-07-27,SKU:BLK-CRM-NVY-PK3,DUPHKHQ7JQXZFHUX,Mehsha Georgette Solid Women Dupatta,2.0
2026-08-03,SKU:BLK-CRM-NVY-PK3,DUPHKHQ7JQXZFHUX,Mehsha Georgette Solid Women Dupatta,0.0
2026-08-10,SKU:BLK-CRM-NVY-PK3,DUPHKHQ7JQXZFHUX,Mehsha Georgette Solid Women Dupatta,1.0
2026-08-17,SKU:BLK-CRM-NVY-PK3,DUPHKHQ7JQXZFHUX,Mehsha Georgette Solid Women Dupatta,0.0
2026-08-24,SKU:BLK-CRM-NVY-PK3,DUPHKHQ7JQXZFHUX,Mehsha Georgette Solid Women Dupatta,5.0
2026-08-31,SKU:BLK-CRM-NVY-PK3,DUPHKHQ7JQXZFHUX,Mehsha Georgette Solid Women Dupatta,0.0
2026-04-27,SKU:BLK-KNG-CP,CAPH3WQGHVYARYBJ,HouseOfCommon Self Design Sports/Regular Cap,1.0
2026-05-04,SKU:BLK-KNG-CP,CAPH3WQGHVYARYBJ,HouseOfCommon Self Design Sports/Regular Cap,0.0
2026-05-11,SKU:BLK-KNG-CP,CAPH3WQGHVYARYBJ,HouseOfCommon Self Design Sports/Regular Cap,0.0
2026-05-18,SKU:BLK-KNG-CP,CAPH3WQGHVYARYBJ,HouseOfCommon Self Design Sports/Regular Cap,0.0
2026-05-25,SKU:BLK-KNG-CP,CAPH3WQGHVYARYBJ,HouseOfCommon Self Design Sports/Regular Cap,0.0
2026-06-01,SKU:BLK-KNG-CP,CAPH3WQGHVYARYBJ,HouseOfCommon Self Design Sports/Regular Cap,0.0
2026-06-08,SKU:BLK-KNG-CP,CAPH3WQGHVYARYBJ,HouseOfCommon Self Design Sports/Regular Cap,0.0
2026-06-15,SKU:BLK-KNG-CP,CAPH3WQGHVYARYBJ,HouseOfCommon Self Design Sports/Regular Cap,0.0
2026-06-22,SKU:BLK-KNG-CP,CAPH3WQGHVYARYBJ,HouseOfCommon Self Design Sports/Regular Cap,0.0
2026-06-29,SKU:BLK-KNG-CP,CAPH3WQGHVYARYBJ,HouseOfCommon Self Design Sports/Regular Cap,0.0
2026-07-06,SKU:BLK-KNG-CP,CAPH3WQGHVYARYBJ,HouseOfCommon Self Design Sports/Regular Cap,0.0
2026-07-13,SKU:BLK-KNG-CP,CAPH3WQGHVYARYBJ,HouseOfCommon Self Design Sports/Regular Cap,0.0
2026-07-20,SKU:BLK-KNG-CP,CAPH3WQGHVYARYBJ,HouseOfCommon Self Design Sports/Regular Cap,0.0
2026-07-27,SKU:BLK-KNG-CP,CAPH3WQGHVYARYBJ,HouseOfCommon Self Design Sports/Regular Cap,0.0
2026-08-03,SKU:BLK-KNG-CP,CAPH3WQGHVYARYBJ,HouseOfCommon Self Design Sports/Regular Cap,0.0
2026-08-10,SKU:BLK-KNG-CP,CAPH3WQGHVYARYBJ,HouseOfCommon Self Design Sports/Regular Cap,0.0
2026-08-17,SKU:BLK-KNG-CP,CAPH3WQGHVYARYBJ,HouseOfCommon Self Design Sports/Regular Cap,0.0
2026-08-24,SKU:BLK-KNG-CP,CAPH3WQGHVYARYBJ,HouseOfCommon Self Design Sports/Regular Cap,0.0
2026-08-31,SKU:BLK-KNG-CP,CAPH3WQGHVYARYBJ,HouseOfCommon Self Design Sports/Regular Cap,0.0
2026-04-06,SKU:BLK-NVY-PK2,DUPHHJE7ZGEGUJDE,Mehsha Georgette Solid Women Dupatta,1.0
2026-04-13,SKU:BLK-NVY-PK2,DUPHHJE7ZGEGUJDE,Mehsha Georgette Solid Women Dupatta,0.0
2026-04-20,SKU:BLK-NVY-PK2,DUPHHJE7ZGEGUJDE,Mehsha Georgette Solid Women Dupatta,0.0
2026-04-27,SKU:BLK-NVY-PK2,DUPHHJE7ZGEGUJDE,Mehsha Georgette Solid Women Dupatta,0.0
2026-05-04,SKU:BLK-NVY-PK2,DUPHHJE7ZGEGUJDE,Mehsha Georgette Solid Women Dupatta,0.0
2026-05-11,SKU:BLK-NVY-PK2,DUPHHJE7ZGEGUJDE,Mehsha Georgette Solid Women Dupatta,0.0
2026-05-18,SKU:BLK-NVY-PK2,DUPHHJE7ZGEGUJDE,Mehsha Georgette Solid Women Dupatta,0.0
2026-05-25,SKU:BLK-NVY-PK2,DUPHHJE7ZGEGUJDE,Mehsha Georgette Solid Women Dupatta,0.0
2026-06-01,SKU:BLK-NVY-PK2,DUPHHJE7ZGEGUJDE,Mehsha Georgette Solid Women Dupatta,0.0
2026-06-08,SKU:BLK-NVY-PK2,DUPHHJE7ZGEGUJDE,Mehsha Georgette Solid Women Dupatta,0.0
2026-06-15,SKU:BLK-NVY-PK2,DUPHHJE7ZGEGUJDE,Mehsha Georgette Solid Women Dupatta,0.0
2026-06-22,SKU:BLK-NVY-PK2,DUPHHJE7ZGEGUJDE,Mehsha Georgette Solid Women Dupatta,0.0
2026-06-29,SKU:BLK-NVY-PK2,DUPHHJE7ZGEGUJDE,Mehsha Georgette Solid Women Dupatta,1.0
2026-07-06,SKU:BLK-NVY-PK2,DUPHHJE7ZGEGUJDE,Mehsha Georgette Solid Women Dupatta,0.0
2026-07-13,SKU:BLK-NVY-PK2,DUPHHJE7ZGEGUJDE,Mehsha Georgette Solid Women Dupatta,0.0
2026-07-20,SKU:BLK-NVY-PK2,DUPHHJE7ZGEGUJDE,Mehsha Georgette Solid Women Dupatta,0.0
2026-07-27,SKU:BLK-NVY-PK2,DUPHHJE7ZGEGUJDE,Mehsha Georgette Solid Women Dupatta,0.0
2026-08-03,SKU:BLK-NVY-PK2,DUPHHJE7ZGEGUJDE,Mehsha Georgette Solid Women Dupatta,0.0
2026-08-10,SKU:BLK-NVY-PK2,DUPHHJE7ZGEGUJDE,Mehsha Georgette Solid Women Dupatta,0.0
2026-08-17,SKU:BLK-NVY-PK2,DUPHHJE7ZGEGUJDE,Mehsha Georgette Solid Women Dupatta,0.0
2026-08-24,SKU:BLK-NVY-PK2,DUPHHJE7ZGEGUJDE,Mehsha Georgette Solid Women Dupatta,0.0
2026-08-31,SKU:BLK-NVY-PK2,DUPHHJE7ZGEGUJDE,Mehsha Georgette Solid Women Dupatta,0.0
2026-06-29,SKU:BLK-PK2,DUPHHKKB9598PWHD,Mehsha Georgette Solid Women Dupatta,1.0
2026-07-06,SKU:BLK-PK2,DUPHHKKB9598PWHD,Mehsha Georgette Solid Women Dupatta,0.0
2026-07-13,SKU:BLK-PK2,DUPHHKKB9598PWHD,Mehsha Georgette Solid Women Dupatta,0.0
2026-07-20,SKU:BLK-PK2,DUPHHKKB9598PWHD,Mehsha Georgette Solid Women Dupatta,0.0
2026-07-27,SKU:BLK-PK2,DUPHHKKB9598PWHD,Mehsha Georgette Solid Women Dupatta,0.0
2026-08-03,SKU:BLK-PK2,DUPHHKKB9598PWHD,Mehsha Georgette Solid Women Dupatta,1.0
2026-08-10,SKU:BLK-PK2,DUPHHKKB9598PWHD,Mehsha Georgette Solid Women Dupatta,0.0
2026-08-17,SKU:BLK-PK2,DUPHHKKB9598PWHD,Mehsha Georgette Solid Women Dupatta,1.0
2026-08-24,SKU:BLK-PK2,DUPHHKKB9598PWHD,Mehsha Georgette Solid Women Dupatta,1.0
2026-08-31,SKU:BLK-PK2,DUPHHKKB9598PWHD,Mehsha Georgette Solid Women Dupatta,0.0
2026-05-04,SKU:BLK-RED-PK2,DUPHHJE7TF2DTTFK,Mehsha Georgette Solid Women Dupatta,1.0
2026-05-11,SKU:BLK-RED-PK2,DUPHHJE7TF2DTTFK,Mehsha Georgette Solid Women Dupatta,0.0
2026-05-18,SKU:BLK-RED-PK2,DUPHHJE7TF2DTTFK,Mehsha Georgette Solid Women Dupatta,0.0
2026-05-25,SKU:BLK-RED-PK2,DUPHHJE7TF2DTTFK,Mehsha Georgette Solid Women Dupatta,0.0
2026-06-01,SKU:BLK-RED-PK2,DUPHHJE7TF2DTTFK,Mehsha Georgette Solid Women Dupatta,0.0
2026-06-08,SKU:BLK-RED-PK2,DUPHHJE7TF2DTTFK,Mehsha Georgette Solid Women Dupatta,0.0
2026-06-15,SKU:BLK-RED-PK2,DUPHHJE7TF2DTTFK,Mehsha Georgette Solid Women Dupatta,0.0
2026-06-22,SKU:BLK-RED-PK2,DUPHHJE7TF2DTTFK,Mehsha Georgette Solid Women Dupatta,0.0
2026-06-29,SKU:BLK-RED-PK2,DUPHHJE7TF2DTTFK,Mehsha Georgette Solid Women Dupatta,0.0
2026-07-06,SKU:BLK-RED-PK2,DUPHHJE7TF2DTTFK,Mehsha Georgette Solid Women Dupatta,0.0
2026-07-13,SKU:BLK-RED-PK2,DUPHHJE7TF2DTTFK,Mehsha Georgette Solid Women Dupatta,0.0
2026-07-20,SKU:BLK-RED-PK2,DUPHHJE7TF2DTTFK,Mehsha Georgette Solid Women Dupatta,0.0
2026-07-27,SKU:BLK-RED-PK2,DUPHHJE7TF2DTTFK,Mehsha Georgette Solid Women Dupatta,0.0
2026-08-03,SKU:BLK-RED-PK2,DUPHHJE7TF2DTTFK,Mehsha Georgette Solid Women Dupatta,0.0
2026-08-10,SKU:BLK-RED-PK2,DUPHHJE7TF2DTTFK,Mehsha Georgette Solid Women Dupatta,0.0
2026-08-17,SKU:BLK-RED-PK2,DUPHHJE7TF2DTTFK,Mehsha Georgette Solid Women Dupatta,0.0
2026-08-24,SKU:BLK-RED-PK2,DUPHHJE7TF2DTTFK,Mehsha Georgette Solid Women Dupatta,0.0
2026-08-31,SKU:BLK-RED-PK2,DUPHHJE7TF2DTTFK,Mehsha Georgette Solid Women Dupatta,0.0
2026-07-06,SKU:BRN-PK2,DUPHHKKB65AWU6FG,Mehsha Georgette Solid Women Dupatta,1.0
2026-07-13,SKU:BRN-PK2,DUPHHKKB65AWU6FG,Mehsha Georgette Solid Women Dupatta,1.0
2026-07-20,SKU:BRN-PK2,DUPHHKKB65AWU6FG,Mehsha Georgette Solid Women Dupatta,1.0
2026-07-27,SKU:BRN-PK2,DUPHHKKB65AWU6FG,Mehsha Georgette Solid Women Dupatta,0.0
2026-08-03,SKU:BRN-PK2,DUPHHKKB65AWU6FG,Mehsha Georgette Solid Women Dupatta,0.0
2026-08-10,SKU:BRN-PK2,DUPHHKKB65AWU6FG,Mehsha Georgette Solid Women Dupatta,0.0
2026-08-17,SKU:BRN-PK2,DUPHHKKB65AWU6FG,Mehsha Georgette Solid Women Dupatta,0.0
2026-08-24,SKU:BRN-PK2,DUPHHKKB65AWU6FG,Mehsha Georgette Solid Women Dupatta,0.0
2026-08-31,SKU:BRN-PK2,DUPHHKKB65AWU6FG,Mehsha Georgette Solid Women Dupatta,0.0
2026-05-11,SKU:CP-MP-BLK-HAT,CAPGA93V7WJKYFYM,naimath fashion Solid Sports/Regular Cap,8.0
2026-05-18,SKU:CP-MP-BLK-HAT,CAPGA93V7WJKYFYM,naimath fashion Solid Sports/Regular Cap,0.0
2026-05-25,SKU:CP-MP-BLK-HAT,CAPGA93V7WJKYFYM,naimath fashion Solid Sports/Regular Cap,0.0
2026-06-01,SKU:CP-MP-BLK-HAT,CAPGA93V7WJKYFYM,naimath fashion Solid Sports/Regular Cap,0.0
2026-06-08,SKU:CP-MP-BLK-HAT,CAPGA93V7WJKYFYM,naimath fashion Solid Sports/Regular Cap,0.0
2026-06-15,SKU:CP-MP-BLK-HAT,CAPGA93V7WJKYFYM,naimath fashion Solid Sports/Regular Cap,0.0
2026-06-22,SKU:CP-MP-BLK-HAT,CAPGA93V7WJKYFYM,naimath fashion Solid Sports/Regular Cap,0.0
2026-06-29,SKU:CP-MP-BLK-HAT,CAPGA93V7WJKYFYM,naimath fashion Solid Sports/Regular Cap,0.0
2026-07-06,SKU:CP-MP-BLK-HAT,CAPGA93V7WJKYFYM,naimath fashion Solid Sports/Regular Cap,0.0
2026-07-13,SKU:CP-MP-BLK-HAT,CAPGA93V7WJKYFYM,naimath fashion Solid Sports/Regular Cap,0.0
2026-07-20,SKU:CP-MP-BLK-HAT,CAPGA93V7WJKYFYM,naimath fashion Solid Sports/Regular Cap,0.0
2026-07-27,SKU:CP-MP-BLK-HAT,CAPGA93V7WJKYFYM,naimath fashion Solid Sports/Regular Cap,0.0
2026-08-03,SKU:CP-MP-BLK-HAT,CAPGA93V7WJKYFYM,naimath fashion Solid Sports/Regular Cap,0.0
2026-08-10,SKU:CP-MP-BLK-HAT,CAPGA93V7WJKYFYM,naimath fashion Solid Sports/Regular Cap,0.0
2026-08-17,SKU:CP-MP-BLK-HAT,CAPGA93V7WJKYFYM,naimath fashion Solid Sports/Regular Cap,0.0
2026-08-24,SKU:CP-MP-BLK-HAT,CAPGA93V7WJKYFYM,naimath fashion Solid Sports/Regular Cap,0.0
2026-08-31,SKU:CP-MP-BLK-HAT,CAPGA93V7WJKYFYM,naimath fashion Solid Sports/Regular Cap,0.0
2026-08-10,SKU:CP-MP-NY-BLK-1PK,CAPHHGRYZM6UKZXY,Rigzy Solid Sports/Regular Cap,1.0
2026-08-17,SKU:CP-MP-NY-BLK-1PK,CAPHHGRYZM6UKZXY,Rigzy Solid Sports/Regular Cap,0.0
2026-08-24,SKU:CP-MP-NY-BLK-1PK,CAPHHGRYZM6UKZXY,Rigzy Solid Sports/Regular Cap,0.0
2026-08-31,SKU:CP-MP-NY-BLK-1PK,CAPHHGRYZM6UKZXY,Rigzy Solid Sports/Regular Cap,0.0
2026-05-11,SKU:CP-MP-PLN-WHT-CAP-1PK,CAPHJU73PCWXHVRK,Rigzy Trend Self Design Sports/Regular Cap,1.0
2026-05-18,SKU:CP-MP-PLN-WHT-CAP-1PK,CAPHJU73PCWXHVRK,Rigzy Trend Self Design Sports/Regular Cap,2.0
2026-05-25,SKU:CP-MP-PLN-WHT-CAP-1PK,CAPHJU73PCWXHVRK,Rigzy Trend Self Design Sports/Regular Cap,0.0
2026-06-01,SKU:CP-MP-PLN-WHT-CAP-1PK,CAPHJU73PCWXHVRK,Rigzy Trend Self Design Sports/Regular Cap,0.0
2026-06-08,SKU:CP-MP-PLN-WHT-CAP-1PK,CAPHJU73PCWXHVRK,Rigzy Trend Self Design Sports/Regular Cap,0.0
2026-06-15,SKU:CP-MP-PLN-WHT-CAP-1PK,CAPHJU73PCWXHVRK,Rigzy Trend Self Design Sports/Regular Cap,0.0
2026-06-22,SKU:CP-MP-PLN-WHT-CAP-1PK,CAPHJU73PCWXHVRK,Rigzy Trend Self Design Sports/Regular Cap,0.0
2026-06-29,SKU:CP-MP-PLN-WHT-CAP-1PK,CAPHJU73PCWXHVRK,Rigzy Trend Self Design Sports/Regular Cap,0.0
2026-07-06,SKU:CP-MP-PLN-WHT-CAP-1PK,CAPHJU73PCWXHVRK,Rigzy Trend Self Design Sports/Regular Cap,0.0
2026-07-13,SKU:CP-MP-PLN-WHT-CAP-1PK,CAPHJU73PCWXHVRK,Rigzy Trend Self Design Sports/Regular Cap,0.0
2026-07-20,SKU:CP-MP-PLN-WHT-CAP-1PK,CAPHJU73PCWXHVRK,Rigzy Trend Self Design Sports/Regular Cap,0.0
2026-07-27,SKU:CP-MP-PLN-WHT-CAP-1PK,CAPHJU73PCWXHVRK,Rigzy Trend Self Design Sports/Regular Cap,0.0
2026-08-03,SKU:CP-MP-PLN-WHT-CAP-1PK,CAPHJU73PCWXHVRK,Rigzy Trend Self Design Sports/Regular Cap,0.0
2026-08-10,SKU:CP-MP-PLN-WHT-CAP-1PK,CAPHJU73PCWXHVRK,Rigzy Trend Self Design Sports/Regular Cap,0.0
2026-08-17,SKU:CP-MP-PLN-WHT-CAP-1PK,CAPHJU73PCWXHVRK,Rigzy Trend Self Design Sports/Regular Cap,0.0
2026-08-24,SKU:CP-MP-PLN-WHT-CAP-1PK,CAPHJU73PCWXHVRK,Rigzy Trend Self Design Sports/Regular Cap,0.0
2026-08-31,SKU:CP-MP-PLN-WHT-CAP-1PK,CAPHJU73PCWXHVRK,Rigzy Trend Self Design Sports/Regular Cap,0.0
2026-04-06,SKU:CRM-PK2,DUPHHKKB2DM45QB8,Mehsha Georgette Solid Women Dupatta,1.0
2026-04-13,SKU:CRM-PK2,DUPHHKKB2DM45QB8,Mehsha Georgette Solid Women Dupatta,0.0
2026-04-20,SKU:CRM-PK2,DUPHHKKB2DM45QB8,Mehsha Georgette Solid Women Dupatta,0.0
2026-04-27,SKU:CRM-PK2,DUPHHKKB2DM45QB8,Mehsha Georgette Solid Women Dupatta,0.0
2026-05-04,SKU:CRM-PK2,DUPHHKKB2DM45QB8,Mehsha Georgette Solid Women Dupatta,0.0
2026-05-11,SKU:CRM-PK2,DUPHHKKB2DM45QB8,Mehsha Georgette Solid Women Dupatta,0.0
2026-05-18,SKU:CRM-PK2,DUPHHKKB2DM45QB8,Mehsha Georgette Solid Women Dupatta,0.0
2026-05-25,SKU:CRM-PK2,DUPHHKKB2DM45QB8,Mehsha Georgette Solid Women Dupatta,0.0
2026-06-01,SKU:CRM-PK2,DUPHHKKB2DM45QB8,Mehsha Georgette Solid Women Dupatta,0.0
2026-06-08,SKU:CRM-PK2,DUPHHKKB2DM45QB8,Mehsha Georgette Solid Women Dupatta,0.0
2026-06-15,SKU:CRM-PK2,DUPHHKKB2DM45QB8,Mehsha Georgette Solid Women Dupatta,0.0
2026-06-22,SKU:CRM-PK2,DUPHHKKB2DM45QB8,Mehsha Georgette Solid Women Dupatta,0.0
2026-06-29,SKU:CRM-PK2,DUPHHKKB2DM45QB8,Mehsha Georgette Solid Women Dupatta,0.0
2026-07-06,SKU:CRM-PK2,DUPHHKKB2DM45QB8,Mehsha Georgette Solid Women Dupatta,0.0
2026-07-13,SKU:CRM-PK2,DUPHHKKB2DM45QB8,Mehsha Georgette Solid Women Dupatta,0.0
2026-07-20,SKU:CRM-PK2,DUPHHKKB2DM45QB8,Mehsha Georgette Solid Women Dupatta,0.0
2026-07-27,SKU:CRM-PK2,DUPHHKKB2DM45QB8,Mehsha Georgette Solid Women Dupatta,0.0
2026-08-03,SKU:CRM-PK2,DUPHHKKB2DM45QB8,Mehsha Georgette Solid Women Dupatta,0.0
2026-08-10,SKU:CRM-PK2,DUPHHKKB2DM45QB8,Mehsha Georgette Solid Women Dupatta,0.0
2026-08-17,SKU:CRM-PK2,DUPHHKKB2DM45QB8,Mehsha Georgette Solid Women Dupatta,0.0
2026-08-24,SKU:CRM-PK2,DUPHHKKB2DM45QB8,Mehsha Georgette Solid Women Dupatta,0.0
2026-08-31,SKU:CRM-PK2,DUPHHKKB2DM45QB8,Mehsha Georgette Solid Women Dupatta,0.0
2026-03-09,SKU:CRM-WHT-BLK-PK3,DUPHH7FXWKRB7PGP,Mehsha Georgette Solid Women Dupatta,1.0
2026-03-16,SKU:CRM-WHT-BLK-PK3,DUPHH7FXWKRB7PGP,Mehsha Georgette Solid Women Dupatta,0.0
2026-03-23,SKU:CRM-WHT-BLK-PK3,DUPHH7FXWKRB7PGP,Mehsha Georgette Solid Women Dupatta,0.0
2026-03-30,SKU:CRM-WHT-BLK-PK3,DUPHH7FXWKRB7PGP,Mehsha Georgette Solid Women Dupatta,0.0
2026-04-06,SKU:CRM-WHT-BLK-PK3,DUPHH7FXWKRB7PGP,Mehsha Georgette Solid Women Dupatta,2.0
2026-04-13,SKU:CRM-WHT-BLK-PK3,DUPHH7FXWKRB7PGP,Mehsha Georgette Solid Women Dupatta,0.0
2026-04-20,SKU:CRM-WHT-BLK-PK3,DUPHH7FXWKRB7PGP,Mehsha Georgette Solid Women Dupatta,0.0
2026-04-27,SKU:CRM-WHT-BLK-PK3,DUPHH7FXWKRB7PGP,Mehsha Georgette Solid Women Dupatta,0.0
2026-05-04,SKU:CRM-WHT-BLK-PK3,DUPHH7FXWKRB7PGP,Mehsha Georgette Solid Women Dupatta,0.0
2026-05-11,SKU:CRM-WHT-BLK-PK3,DUPHH7FXWKRB7PGP,Mehsha Georgette Solid Women Dupatta,0.0
2026-05-18,SKU:CRM-WHT-BLK-PK3,DUPHH7FXWKRB7PGP,Mehsha Georgette Solid Women Dupatta,0.0
2026-05-25,SKU:CRM-WHT-BLK-PK3,DUPHH7FXWKRB7PGP,Mehsha Georgette Solid Women Dupatta,0.0
2026-06-01,SKU:CRM-WHT-BLK-PK3,DUPHH7FXWKRB7PGP,Mehsha Georgette Solid Women Dupatta,0.0
2026-06-08,SKU:CRM-WHT-BLK-PK3,DUPHH7FXWKRB7PGP,Mehsha Georgette Solid Women Dupatta,0.0
2026-06-15,SKU:CRM-WHT-BLK-PK3,DUPHH7FXWKRB7PGP,Mehsha Georgette Solid Women Dupatta,0.0
2026-06-22,SKU:CRM-WHT-BLK-PK3,DUPHH7FXWKRB7PGP,Mehsha Georgette Solid Women Dupatta,0.0
2026-06-29,SKU:CRM-WHT-BLK-PK3,DUPHH7FXWKRB7PGP,Mehsha Georgette Solid Women Dupatta,0.0
2026-07-06,SKU:CRM-WHT-BLK-PK3,DUPHH7FXWKRB7PGP,Mehsha Georgette Solid Women Dupatta,0.0
2026-07-13,SKU:CRM-WHT-BLK-PK3,DUPHH7FXWKRB7PGP,Mehsha Georgette Solid Women Dupatta,0.0
2026-07-20,SKU:CRM-WHT-BLK-PK3,DUPHH7FXWKRB7PGP,Mehsha Georgette Solid Women Dupatta,0.0
2026-07-27,SKU:CRM-WHT-BLK-PK3,DUPHH7FXWKRB7PGP,Mehsha Georgette Solid Women Dupatta,0.0
2026-08-03,SKU:CRM-WHT-BLK-PK3,DUPHH7FXWKRB7PGP,Mehsha Georgette Solid Women Dupatta,0.0
2026-08-10,SKU:CRM-WHT-BLK-PK3,DUPHH7FXWKRB7PGP,Mehsha Georgette Solid Women Dupatta,0.0
2026-08-17,SKU:CRM-WHT-BLK-PK3,DUPHH7FXWKRB7PGP,Mehsha Georgette Solid Women Dupatta,0.0
2026-08-24,SKU:CRM-WHT-BLK-PK3,DUPHH7FXWKRB7PGP,Mehsha Georgette Solid Women Dupatta,0.0
2026-08-31,SKU:CRM-WHT-BLK-PK3,DUPHH7FXWKRB7PGP,Mehsha Georgette Solid Women Dupatta,0.0
2026-01-12,SKU:GRN-1-PK,DUPHGP42H7H6ZCFZ,Mehsha Chiffon Solid Women Dupatta,5.0
2026-01-19,SKU:GRN-1-PK,DUPHGP42H7H6ZCFZ,Mehsha Chiffon Solid Women Dupatta,1.0
2026-01-26,SKU:GRN-1-PK,DUPHGP42H7H6ZCFZ,Mehsha Chiffon Solid Women Dupatta,0.0
2026-02-02,SKU:GRN-1-PK,DUPHGP42H7H6ZCFZ,Mehsha Chiffon Solid Women Dupatta,0.0
2026-02-09,SKU:GRN-1-PK,DUPHGP42H7H6ZCFZ,Mehsha Chiffon Solid Women Dupatta,0.0
2026-02-16,SKU:GRN-1-PK,DUPHGP42H7H6ZCFZ,Mehsha Chiffon Solid Women Dupatta,0.0
2026-02-23,SKU:GRN-1-PK,DUPHGP42H7H6ZCFZ,Mehsha Chiffon Solid Women Dupatta,0.0
2026-03-02,SKU:GRN-1-PK,DUPHGP42H7H6ZCFZ,Mehsha Chiffon Solid Women Dupatta,0.0
2026-03-09,SKU:GRN-1-PK,DUPHGP42H7H6ZCFZ,Mehsha Chiffon Solid Women Dupatta,0.0
2026-03-16,SKU:GRN-1-PK,DUPHGP42H7H6ZCFZ,Mehsha Chiffon Solid Women Dupatta,0.0
2026-03-23,SKU:GRN-1-PK,DUPHGP42H7H6ZCFZ,Mehsha Chiffon Solid Women Dupatta,0.0
2026-03-30,SKU:GRN-1-PK,DUPHGP42H7H6ZCFZ,Mehsha Chiffon Solid Women Dupatta,0.0
2026-04-06,SKU:GRN-1-PK,DUPHGP42H7H6ZCFZ,Mehsha Chiffon Solid Women Dupatta,0.0
2026-04-13,SKU:GRN-1-PK,DUPHGP42H7H6ZCFZ,Mehsha Chiffon Solid Women Dupatta,0.0
2026-04-20,SKU:GRN-1-PK,DUPHGP42H7H6ZCFZ,Mehsha Chiffon Solid Women Dupatta,0.0
2026-04-27,SKU:GRN-1-PK,DUPHGP42H7H6ZCFZ,Mehsha Chiffon Solid Women Dupatta,0.0
2026-05-04,SKU:GRN-1-PK,DUPHGP42H7H6ZCFZ,Mehsha Chiffon Solid Women Dupatta,0.0
2026-05-11,SKU:GRN-1-PK,DUPHGP42H7H6ZCFZ,Mehsha Chiffon Solid Women Dupatta,0.0
2026-05-18,SKU:GRN-1-PK,DUPHGP42H7H6ZCFZ,Mehsha Chiffon Solid Women Dupatta,0.0
2026-05-25,SKU:GRN-1-PK,DUPHGP42H7H6ZCFZ,Mehsha Chiffon Solid Women Dupatta,0.0
2026-06-01,SKU:GRN-1-PK,DUPHGP42H7H6ZCFZ,Mehsha Chiffon Solid Women Dupatta,0.0
2026-06-08,SKU:GRN-1-PK,DUPHGP42H7H6ZCFZ,Mehsha Chiffon Solid Women Dupatta,0.0
2026-06-15,SKU:GRN-1-PK,DUPHGP42H7H6ZCFZ,Mehsha Chiffon Solid Women Dupatta,0.0
2026-06-22,SKU:GRN-1-PK,DUPHGP42H7H6ZCFZ,Mehsha Chiffon Solid Women Dupatta,0.0
2026-06-29,SKU:GRN-1-PK,DUPHGP42H7H6ZCFZ,Mehsha Chiffon Solid Women Dupatta,0.0
2026-07-06,SKU:GRN-1-PK,DUPHGP42H7H6ZCFZ,Mehsha Chiffon Solid Women Dupatta,0.0
2026-07-13,SKU:GRN-1-PK,DUPHGP42H7H6ZCFZ,Mehsha Chiffon Solid Women Dupatta,0.0
2026-07-20,SKU:GRN-1-PK,DUPHGP42H7H6ZCFZ,Mehsha Chiffon Solid Women Dupatta,0.0
2026-07-27,SKU:GRN-1-PK,DUPHGP42H7H6ZCFZ,Mehsha Chiffon Solid Women Dupatta,0.0
2026-08-03,SKU:GRN-1-PK,DUPHGP42H7H6ZCFZ,Mehsha Chiffon Solid Women Dupatta,0.0
2026-08-10,SKU:GRN-1-PK,DUPHGP42H7H6ZCFZ,Mehsha Chiffon Solid Women Dupatta,0.0
2026-08-17,SKU:GRN-1-PK,DUPHGP42H7H6ZCFZ,Mehsha Chiffon Solid Women Dupatta,0.0
2026-08-24,SKU:GRN-1-PK,DUPHGP42H7H6ZCFZ,Mehsha Chiffon Solid Women Dupatta,0.0
2026-08-31,SKU:GRN-1-PK,DUPHGP42H7H6ZCFZ,Mehsha Chiffon Solid Women Dupatta,0.0
2025-12-22,SKU:GRN-1PK,DUPHGP54NG4HJZD9,MEHSHAA Georgette Solid Women Dupatta,2.0
2025-12-29,SKU:GRN-1PK,DUPHGP54NG4HJZD9,MEHSHAA Georgette Solid Women Dupatta,0.0
2026-01-05,SKU:GRN-1PK,DUPHGP54NG4HJZD9,MEHSHAA Georgette Solid Women Dupatta,0.0
2026-01-12,SKU:GRN-1PK,DUPHGP54NG4HJZD9,MEHSHAA Georgette Solid Women Dupatta,1.0
2026-01-19,SKU:GRN-1PK,DUPHGP54NG4HJZD9,MEHSHAA Georgette Solid Women Dupatta,0.0
2026-01-26,SKU:GRN-1PK,DUPHGP54NG4HJZD9,MEHSHAA Georgette Solid Women Dupatta,0.0
2026-02-02,SKU:GRN-1PK,DUPHGP54NG4HJZD9,MEHSHAA Georgette Solid Women Dupatta,0.0
2026-02-09,SKU:GRN-1PK,DUPHGP54NG4HJZD9,MEHSHAA Georgette Solid Women Dupatta,0.0
2026-02-16,SKU:GRN-1PK,DUPHGP54NG4HJZD9,MEHSHAA Georgette Solid Women Dupatta,0.0
2026-02-23,SKU:GRN-1PK,DUPHGP54NG4HJZD9,MEHSHAA Georgette Solid Women Dupatta,0.0
2026-03-02,SKU:GRN-1PK,DUPHGP54NG4HJZD9,MEHSHAA Georgette Solid Women Dupatta,0.0
2026-03-09,SKU:GRN-1PK,DUPHGP54NG4HJZD9,MEHSHAA Georgette Solid Women Dupatta,0.0
2026-03-16,SKU:GRN-1PK,DUPHGP54NG4HJZD9,MEHSHAA Georgette Solid Women Dupatta,0.0
2026-03-23,SKU:GRN-1PK,DUPHGP54NG4HJZD9,MEHSHAA Georgette Solid Women Dupatta,0.0
2026-03-30,SKU:GRN-1PK,DUPHGP54NG4HJZD9,MEHSHAA Georgette Solid Women Dupatta,0.0
2026-04-06,SKU:GRN-1PK,DUPHGP54NG4HJZD9,MEHSHAA Georgette Solid Women Dupatta,0.0
2026-04-13,SKU:GRN-1PK,DUPHGP54NG4HJZD9,MEHSHAA Georgette Solid Women Dupatta,0.0
2026-04-20,SKU:GRN-1PK,DUPHGP54NG4HJZD9,MEHSHAA Georgette Solid Women Dupatta,0.0
2026-04-27,SKU:GRN-1PK,DUPHGP54NG4HJZD9,MEHSHAA Georgette Solid Women Dupatta,0.0
2026-05-04,SKU:GRN-1PK,DUPHGP54NG4HJZD9,MEHSHAA Georgette Solid Women Dupatta,0.0
2026-05-11,SKU:GRN-1PK,DUPHGP54NG4HJZD9,MEHSHAA Georgette Solid Women Dupatta,0.0
2026-05-18,SKU:GRN-1PK,DUPHGP54NG4HJZD9,MEHSHAA Georgette Solid Women Dupatta,0.0
2026-05-25,SKU:GRN-1PK,DUPHGP54NG4HJZD9,MEHSHAA Georgette Solid Women Dupatta,0.0
2026-06-01,SKU:GRN-1PK,DUPHGP54NG4HJZD9,MEHSHAA Georgette Solid Women Dupatta,0.0
2026-06-08,SKU:GRN-1PK,DUPHGP54NG4HJZD9,MEHSHAA Georgette Solid Women Dupatta,0.0
2026-06-15,SKU:GRN-1PK,DUPHGP54NG4HJZD9,MEHSHAA Georgette Solid Women Dupatta,0.0
2026-06-22,SKU:GRN-1PK,DUPHGP54NG4HJZD9,MEHSHAA Georgette Solid Women Dupatta,0.0
2026-06-29,SKU:GRN-1PK,DUPHGP54NG4HJZD9,MEHSHAA Georgette Solid Women Dupatta,0.0
2026-07-06,SKU:GRN-1PK,DUPHGP54NG4HJZD9,MEHSHAA Georgette Solid Women Dupatta,0.0
2026-07-13,SKU:GRN-1PK,DUPHGP54NG4HJZD9,MEHSHAA Georgette Solid Women Dupatta,0.0
2026-07-20,SKU:GRN-1PK,DUPHGP54NG4HJZD9,MEHSHAA Georgette Solid Women Dupatta,0.0
2026-07-27,SKU:GRN-1PK,DUPHGP54NG4HJZD9,MEHSHAA Georgette Solid Women Dupatta,1.0
2026-08-03,SKU:GRN-1PK,DUPHGP54NG4HJZD9,MEHSHAA Georgette Solid Women Dupatta,0.0
2026-08-10,SKU:GRN-1PK,DUPHGP54NG4HJZD9,MEHSHAA Georgette Solid Women Dupatta,0.0
2026-08-17,SKU:GRN-1PK,DUPHGP54NG4HJZD9,MEHSHAA Georgette Solid Women Dupatta,0.0
2026-08-24,SKU:GRN-1PK,DUPHGP54NG4HJZD9,MEHSHAA Georgette Solid Women Dupatta,0.0
2026-08-31,SKU:GRN-1PK,DUPHGP54NG4HJZD9,MEHSHAA Georgette Solid Women Dupatta,1.0
2026-02-16,SKU:GRN-3-PK,DUPHGGM3RGBZ4AYA,Mehsha Georgette Solid Women Dupatta,1.0
2026-02-23,SKU:GRN-3-PK,DUPHGGM3RGBZ4AYA,Mehsha Georgette Solid Women Dupatta,0.0
2026-03-02,SKU:GRN-3-PK,DUPHGGM3RGBZ4AYA,Mehsha Georgette Solid Women Dupatta,0.0
2026-03-09,SKU:GRN-3-PK,DUPHGGM3RGBZ4AYA,Mehsha Georgette Solid Women Dupatta,0.0
2026-03-16,SKU:GRN-3-PK,DUPHGGM3RGBZ4AYA,Mehsha Georgette Solid Women Dupatta,0.0
2026-03-23,SKU:GRN-3-PK,DUPHGGM3RGBZ4AYA,Mehsha Georgette Solid Women Dupatta,0.0
2026-03-30,SKU:GRN-3-PK,DUPHGGM3RGBZ4AYA,Mehsha Georgette Solid Women Dupatta,0.0
2026-04-06,SKU:GRN-3-PK,DUPHGGM3RGBZ4AYA,Mehsha Georgette Solid Women Dupatta,0.0
2026-04-13,SKU:GRN-3-PK,DUPHGGM3RGBZ4AYA,Mehsha Georgette Solid Women Dupatta,0.0
2026-04-20,SKU:GRN-3-PK,DUPHGGM3RGBZ4AYA,Mehsha Georgette Solid Women Dupatta,0.0
2026-04-27,SKU:GRN-3-PK,DUPHGGM3RGBZ4AYA,Mehsha Georgette Solid Women Dupatta,1.0
2026-05-04,SKU:GRN-3-PK,DUPHGGM3RGBZ4AYA,Mehsha Georgette Solid Women Dupatta,0.0
2026-05-11,SKU:GRN-3-PK,DUPHGGM3RGBZ4AYA,Mehsha Georgette Solid Women Dupatta,0.0
2026-05-18,SKU:GRN-3-PK,DUPHGGM3RGBZ4AYA,Mehsha Georgette Solid Women Dupatta,0.0
2026-05-25,SKU:GRN-3-PK,DUPHGGM3RGBZ4AYA,Mehsha Georgette Solid Women Dupatta,0.0
2026-06-01,SKU:GRN-3-PK,DUPHGGM3RGBZ4AYA,Mehsha Georgette Solid Women Dupatta,0.0
2026-06-08,SKU:GRN-3-PK,DUPHGGM3RGBZ4AYA,Mehsha Georgette Solid Women Dupatta,0.0
2026-06-15,SKU:GRN-3-PK,DUPHGGM3RGBZ4AYA,Mehsha Georgette Solid Women Dupatta,0.0
2026-06-22,SKU:GRN-3-PK,DUPHGGM3RGBZ4AYA,Mehsha Georgette Solid Women Dupatta,0.0
2026-06-29,SKU:GRN-3-PK,DUPHGGM3RGBZ4AYA,Mehsha Georgette Solid Women Dupatta,0.0
2026-07-06,SKU:GRN-3-PK,DUPHGGM3RGBZ4AYA,Mehsha Georgette Solid Women Dupatta,0.0
2026-07-13,SKU:GRN-3-PK,DUPHGGM3RGBZ4AYA,Mehsha Georgette Solid Women Dupatta,1.0
2026-07-20,SKU:GRN-3-PK,DUPHGGM3RGBZ4AYA,Mehsha Georgette Solid Women Dupatta,0.0
2026-07-27,SKU:GRN-3-PK,DUPHGGM3RGBZ4AYA,Mehsha Georgette Solid Women Dupatta,0.0
2026-08-03,SKU:GRN-3-PK,DUPHGGM3RGBZ4AYA,Mehsha Georgette Solid Women Dupatta,0.0
2026-08-10,SKU:GRN-3-PK,DUPHGGM3RGBZ4AYA,Mehsha Georgette Solid Women Dupatta,0.0
2026-08-17,SKU:GRN-3-PK,DUPHGGM3RGBZ4AYA,Mehsha Georgette Solid Women Dupatta,0.0
2026-08-24,SKU:GRN-3-PK,DUPHGGM3RGBZ4AYA,Mehsha Georgette Solid Women Dupatta,0.0
2026-08-31,SKU:GRN-3-PK,DUPHGGM3RGBZ4AYA,Mehsha Georgette Solid Women Dupatta,0.0
2025-12-22,SKU:GRN-GLV1,SGEHGZY8QYHHSCWU,Mehsha Full Finger Sports Gloves for Men & Women | Anti-Slip Cycling & Gym Gloves Cycling Gloves Multicolor,1.0
2025-12-29,SKU:GRN-GLV1,SGEHGZY8QYHHSCWU,Mehsha Full Finger Sports Gloves for Men & Women | Anti-Slip Cycling & Gym Gloves Cycling Gloves Multicolor,0.0
2026-01-05,SKU:GRN-GLV1,SGEHGZY8QYHHSCWU,Mehsha Full Finger Sports Gloves for Men & Women | Anti-Slip Cycling & Gym Gloves Cycling Gloves Multicolor,0.0
2026-01-12,SKU:GRN-GLV1,SGEHGZY8QYHHSCWU,Mehsha Full Finger Sports Gloves for Men & Women | Anti-Slip Cycling & Gym Gloves Cycling Gloves Multicolor,0.0
2026-01-19,SKU:GRN-GLV1,SGEHGZY8QYHHSCWU,Mehsha Full Finger Sports Gloves for Men & Women | Anti-Slip Cycling & Gym Gloves Cycling Gloves Multicolor,0.0
2026-01-26,SKU:GRN-GLV1,SGEHGZY8QYHHSCWU,Mehsha Full Finger Sports Gloves for Men & Women | Anti-Slip Cycling & Gym Gloves Cycling Gloves Multicolor,0.0
2026-02-02,SKU:GRN-GLV1,SGEHGZY8QYHHSCWU,Mehsha Full Finger Sports Gloves for Men & Women | Anti-Slip Cycling & Gym Gloves Cycling Gloves Multicolor,0.0
2026-02-09,SKU:GRN-GLV1,SGEHGZY8QYHHSCWU,Mehsha Full Finger Sports Gloves for Men & Women | Anti-Slip Cycling & Gym Gloves Cycling Gloves Multicolor,0.0
2026-02-16,SKU:GRN-GLV1,SGEHGZY8QYHHSCWU,Mehsha Full Finger Sports Gloves for Men & Women | Anti-Slip Cycling & Gym Gloves Cycling Gloves Multicolor,0.0
2026-02-23,SKU:GRN-GLV1,SGEHGZY8QYHHSCWU,Mehsha Full Finger Sports Gloves for Men & Women | Anti-Slip Cycling & Gym Gloves Cycling Gloves Multicolor,0.0
2026-03-02,SKU:GRN-GLV1,SGEHGZY8QYHHSCWU,Mehsha Full Finger Sports Gloves for Men & Women | Anti-Slip Cycling & Gym Gloves Cycling Gloves Multicolor,0.0
2026-03-09,SKU:GRN-GLV1,SGEHGZY8QYHHSCWU,Mehsha Full Finger Sports Gloves for Men & Women | Anti-Slip Cycling & Gym Gloves Cycling Gloves Multicolor,0.0
2026-03-16,SKU:GRN-GLV1,SGEHGZY8QYHHSCWU,Mehsha Full Finger Sports Gloves for Men & Women | Anti-Slip Cycling & Gym Gloves Cycling Gloves Multicolor,0.0
2026-03-23,SKU:GRN-GLV1,SGEHGZY8QYHHSCWU,Mehsha Full Finger Sports Gloves for Men & Women | Anti-Slip Cycling & Gym Gloves Cycling Gloves Multicolor,0.0
2026-03-30,SKU:GRN-GLV1,SGEHGZY8QYHHSCWU,Mehsha Full Finger Sports Gloves for Men & Women | Anti-Slip Cycling & Gym Gloves Cycling Gloves Multicolor,0.0
2026-04-06,SKU:GRN-GLV1,SGEHGZY8QYHHSCWU,Mehsha Full Finger Sports Gloves for Men & Women | Anti-Slip Cycling & Gym Gloves Cycling Gloves Multicolor,0.0
2026-04-13,SKU:GRN-GLV1,SGEHGZY8QYHHSCWU,Mehsha Full Finger Sports Gloves for Men & Women | Anti-Slip Cycling & Gym Gloves Cycling Gloves Multicolor,0.0
2026-04-20,SKU:GRN-GLV1,SGEHGZY8QYHHSCWU,Mehsha Full Finger Sports Gloves for Men & Women | Anti-Slip Cycling & Gym Gloves Cycling Gloves Multicolor,0.0
2026-04-27,SKU:GRN-GLV1,SGEHGZY8QYHHSCWU,Mehsha Full Finger Sports Gloves for Men & Women | Anti-Slip Cycling & Gym Gloves Cycling Gloves Multicolor,0.0
2026-05-04,SKU:GRN-GLV1,SGEHGZY8QYHHSCWU,Mehsha Full Finger Sports Gloves for Men & Women | Anti-Slip Cycling & Gym Gloves Cycling Gloves Multicolor,0.0
2026-05-11,SKU:GRN-GLV1,SGEHGZY8QYHHSCWU,Mehsha Full Finger Sports Gloves for Men & Women | Anti-Slip Cycling & Gym Gloves Cycling Gloves Multicolor,0.0
2026-05-18,SKU:GRN-GLV1,SGEHGZY8QYHHSCWU,Mehsha Full Finger Sports Gloves for Men & Women | Anti-Slip Cycling & Gym Gloves Cycling Gloves Multicolor,0.0
2026-05-25,SKU:GRN-GLV1,SGEHGZY8QYHHSCWU,Mehsha Full Finger Sports Gloves for Men & Women | Anti-Slip Cycling & Gym Gloves Cycling Gloves Multicolor,0.0
2026-06-01,SKU:GRN-GLV1,SGEHGZY8QYHHSCWU,Mehsha Full Finger Sports Gloves for Men & Women | Anti-Slip Cycling & Gym Gloves Cycling Gloves Multicolor,0.0
2026-06-08,SKU:GRN-GLV1,SGEHGZY8QYHHSCWU,Mehsha Full Finger Sports Gloves for Men & Women | Anti-Slip Cycling & Gym Gloves Cycling Gloves Multicolor,0.0
2026-06-15,SKU:GRN-GLV1,SGEHGZY8QYHHSCWU,Mehsha Full Finger Sports Gloves for Men & Women | Anti-Slip Cycling & Gym Gloves Cycling Gloves Multicolor,0.0
2026-06-22,SKU:GRN-GLV1,SGEHGZY8QYHHSCWU,Mehsha Full Finger Sports Gloves for Men & Women | Anti-Slip Cycling & Gym Gloves Cycling Gloves Multicolor,0.0
2026-06-29,SKU:GRN-GLV1,SGEHGZY8QYHHSCWU,Mehsha Full Finger Sports Gloves for Men & Women | Anti-Slip Cycling & Gym Gloves Cycling Gloves Multicolor,0.0
2026-07-06,SKU:GRN-GLV1,SGEHGZY8QYHHSCWU,Mehsha Full Finger Sports Gloves for Men & Women | Anti-Slip Cycling & Gym Gloves Cycling Gloves Multicolor,0.0
2026-07-13,SKU:GRN-GLV1,SGEHGZY8QYHHSCWU,Mehsha Full Finger Sports Gloves for Men & Women | Anti-Slip Cycling & Gym Gloves Cycling Gloves Multicolor,0.0
2026-07-20,SKU:GRN-GLV1,SGEHGZY8QYHHSCWU,Mehsha Full Finger Sports Gloves for Men & Women | Anti-Slip Cycling & Gym Gloves Cycling Gloves Multicolor,0.0
2026-07-27,SKU:GRN-GLV1,SGEHGZY8QYHHSCWU,Mehsha Full Finger Sports Gloves for Men & Women | Anti-Slip Cycling & Gym Gloves Cycling Gloves Multicolor,0.0
2026-08-03,SKU:GRN-GLV1,SGEHGZY8QYHHSCWU,Mehsha Full Finger Sports Gloves for Men & Women | Anti-Slip Cycling & Gym Gloves Cycling Gloves Multicolor,0.0
2026-08-10,SKU:GRN-GLV1,SGEHGZY8QYHHSCWU,Mehsha Full Finger Sports Gloves for Men & Women | Anti-Slip Cycling & Gym Gloves Cycling Gloves Multicolor,0.0
2026-08-17,SKU:GRN-GLV1,SGEHGZY8QYHHSCWU,Mehsha Full Finger Sports Gloves for Men & Women | Anti-Slip Cycling & Gym Gloves Cycling Gloves Multicolor,0.0
2026-08-24,SKU:GRN-GLV1,SGEHGZY8QYHHSCWU,Mehsha Full Finger Sports Gloves for Men & Women | Anti-Slip Cycling & Gym Gloves Cycling Gloves Multicolor,0.0
2026-08-31,SKU:GRN-GLV1,SGEHGZY8QYHHSCWU,Mehsha Full Finger Sports Gloves for Men & Women | Anti-Slip Cycling & Gym Gloves Cycling Gloves Multicolor,0.0
2026-04-13,SKU:GRN-PK2,DUPHHKKBG4JTCV8K,Mehsha Georgette Solid Women Dupatta,1.0
2026-04-20,SKU:GRN-PK2,DUPHHKKBG4JTCV8K,Mehsha Georgette Solid Women Dupatta,2.0
2026-04-27,SKU:GRN-PK2,DUPHHKKBG4JTCV8K,Mehsha Georgette Solid Women Dupatta,1.0
2026-05-04,SKU:GRN-PK2,DUPHHKKBG4JTCV8K,Mehsha Georgette Solid Women Dupatta,0.0
2026-05-11,SKU:GRN-PK2,DUPHHKKBG4JTCV8K,Mehsha Georgette Solid Women Dupatta,0.0
2026-05-18,SKU:GRN-PK2,DUPHHKKBG4JTCV8K,Mehsha Georgette Solid Women Dupatta,1.0
2026-05-25,SKU:GRN-PK2,DUPHHKKBG4JTCV8K,Mehsha Georgette Solid Women Dupatta,0.0
2026-06-01,SKU:GRN-PK2,DUPHHKKBG4JTCV8K,Mehsha Georgette Solid Women Dupatta,0.0
2026-06-08,SKU:GRN-PK2,DUPHHKKBG4JTCV8K,Mehsha Georgette Solid Women Dupatta,0.0
2026-06-15,SKU:GRN-PK2,DUPHHKKBG4JTCV8K,Mehsha Georgette Solid Women Dupatta,0.0
2026-06-22,SKU:GRN-PK2,DUPHHKKBG4JTCV8K,Mehsha Georgette Solid Women Dupatta,0.0
2026-06-29,SKU:GRN-PK2,DUPHHKKBG4JTCV8K,Mehsha Georgette Solid Women Dupatta,0.0
2026-07-06,SKU:GRN-PK2,DUPHHKKBG4JTCV8K,Mehsha Georgette Solid Women Dupatta,0.0
2026-07-13,SKU:GRN-PK2,DUPHHKKBG4JTCV8K,Mehsha Georgette Solid Women Dupatta,1.0
2026-07-20,SKU:GRN-PK2,DUPHHKKBG4JTCV8K,Mehsha Georgette Solid Women Dupatta,1.0
2026-07-27,SKU:GRN-PK2,DUPHHKKBG4JTCV8K,Mehsha Georgette Solid Women Dupatta,0.0
2026-08-03,SKU:GRN-PK2,DUPHHKKBG4JTCV8K,Mehsha Georgette Solid Women Dupatta,0.0
2026-08-10,SKU:GRN-PK2,DUPHHKKBG4JTCV8K,Mehsha Georgette Solid Women Dupatta,1.0
2026-08-17,SKU:GRN-PK2,DUPHHKKBG4JTCV8K,Mehsha Georgette Solid Women Dupatta,0.0
2026-08-24,SKU:GRN-PK2,DUPHHKKBG4JTCV8K,Mehsha Georgette Solid Women Dupatta,0.0
2026-08-31,SKU:GRN-PK2,DUPHHKKBG4JTCV8K,Mehsha Georgette Solid Women Dupatta,0.0
2026-01-05,SKU:GRY-3-PK,DUPHGGNQMYJRYVMD,Mehsha Georgette Solid Women Dupatta,1.0
2026-01-12,SKU:GRY-3-PK,DUPHGGNQMYJRYVMD,Mehsha Georgette Solid Women Dupatta,0.0
2026-01-19,SKU:GRY-3-PK,DUPHGGNQMYJRYVMD,Mehsha Georgette Solid Women Dupatta,0.0
2026-01-26,SKU:GRY-3-PK,DUPHGGNQMYJRYVMD,Mehsha Georgette Solid Women Dupatta,0.0
2026-02-02,SKU:GRY-3-PK,DUPHGGNQMYJRYVMD,Mehsha Georgette Solid Women Dupatta,0.0
2026-02-09,SKU:GRY-3-PK,DUPHGGNQMYJRYVMD,Mehsha Georgette Solid Women Dupatta,0.0
2026-02-16,SKU:GRY-3-PK,DUPHGGNQMYJRYVMD,Mehsha Georgette Solid Women Dupatta,0.0
2026-02-23,SKU:GRY-3-PK,DUPHGGNQMYJRYVMD,Mehsha Georgette Solid Women Dupatta,0.0
2026-03-02,SKU:GRY-3-PK,DUPHGGNQMYJRYVMD,Mehsha Georgette Solid Women Dupatta,0.0
2026-03-09,SKU:GRY-3-PK,DUPHGGNQMYJRYVMD,Mehsha Georgette Solid Women Dupatta,0.0
2026-03-16,SKU:GRY-3-PK,DUPHGGNQMYJRYVMD,Mehsha Georgette Solid Women Dupatta,0.0
2026-03-23,SKU:GRY-3-PK,DUPHGGNQMYJRYVMD,Mehsha Georgette Solid Women Dupatta,0.0
2026-03-30,SKU:GRY-3-PK,DUPHGGNQMYJRYVMD,Mehsha Georgette Solid Women Dupatta,0.0
2026-04-06,SKU:GRY-3-PK,DUPHGGNQMYJRYVMD,Mehsha Georgette Solid Women Dupatta,0.0
2026-04-13,SKU:GRY-3-PK,DUPHGGNQMYJRYVMD,Mehsha Georgette Solid Women Dupatta,0.0
2026-04-20,SKU:GRY-3-PK,DUPHGGNQMYJRYVMD,Mehsha Georgette Solid Women Dupatta,0.0
2026-04-27,SKU:GRY-3-PK,DUPHGGNQMYJRYVMD,Mehsha Georgette Solid Women Dupatta,0.0
2026-05-04,SKU:GRY-3-PK,DUPHGGNQMYJRYVMD,Mehsha Georgette Solid Women Dupatta,0.0
2026-05-11,SKU:GRY-3-PK,DUPHGGNQMYJRYVMD,Mehsha Georgette Solid Women Dupatta,0.0
2026-05-18,SKU:GRY-3-PK,DUPHGGNQMYJRYVMD,Mehsha Georgette Solid Women Dupatta,0.0
2026-05-25,SKU:GRY-3-PK,DUPHGGNQMYJRYVMD,Mehsha Georgette Solid Women Dupatta,0.0
2026-06-01,SKU:GRY-3-PK,DUPHGGNQMYJRYVMD,Mehsha Georgette Solid Women Dupatta,0.0
2026-06-08,SKU:GRY-3-PK,DUPHGGNQMYJRYVMD,Mehsha Georgette Solid Women Dupatta,0.0
2026-06-15,SKU:GRY-3-PK,DUPHGGNQMYJRYVMD,Mehsha Georgette Solid Women Dupatta,0.0
2026-06-22,SKU:GRY-3-PK,DUPHGGNQMYJRYVMD,Mehsha Georgette Solid Women Dupatta,0.0
2026-06-29,SKU:GRY-3-PK,DUPHGGNQMYJRYVMD,Mehsha Georgette Solid Women Dupatta,0.0
2026-07-06,SKU:GRY-3-PK,DUPHGGNQMYJRYVMD,Mehsha Georgette Solid Women Dupatta,0.0
2026-07-13,SKU:GRY-3-PK,DUPHGGNQMYJRYVMD,Mehsha Georgette Solid Women Dupatta,1.0
2026-07-20,SKU:GRY-3-PK,DUPHGGNQMYJRYVMD,Mehsha Georgette Solid Women Dupatta,1.0
2026-07-27,SKU:GRY-3-PK,DUPHGGNQMYJRYVMD,Mehsha Georgette Solid Women Dupatta,0.0
2026-08-03,SKU:GRY-3-PK,DUPHGGNQMYJRYVMD,Mehsha Georgette Solid Women Dupatta,0.0
2026-08-10,SKU:GRY-3-PK,DUPHGGNQMYJRYVMD,Mehsha Georgette Solid Women Dupatta,0.0
2026-08-17,SKU:GRY-3-PK,DUPHGGNQMYJRYVMD,Mehsha Georgette Solid Women Dupatta,0.0
2026-08-24,SKU:GRY-3-PK,DUPHGGNQMYJRYVMD,Mehsha Georgette Solid Women Dupatta,0.0
2026-08-31,SKU:GRY-3-PK,DUPHGGNQMYJRYVMD,Mehsha Georgette Solid Women Dupatta,0.0
2025-12-15,SKU:GRY-BLK P2,DUPHGVGHBX7VFYYD,Mehsha Chiffon Solid Women Dupatta,3.0
2025-12-22,SKU:GRY-BLK P2,DUPHGVGHBX7VFYYD,Mehsha Chiffon Solid Women Dupatta,5.0
2025-12-29,SKU:GRY-BLK P2,DUPHGVGHBX7VFYYD,Mehsha Chiffon Solid Women Dupatta,4.0
2026-01-05,SKU:GRY-BLK P2,DUPHGVGHBX7VFYYD,Mehsha Chiffon Solid Women Dupatta,1.0
2026-01-12,SKU:GRY-BLK P2,DUPHGVGHBX7VFYYD,Mehsha Chiffon Solid Women Dupatta,2.0
2026-01-19,SKU:GRY-BLK P2,DUPHGVGHBX7VFYYD,Mehsha Chiffon Solid Women Dupatta,1.0
2026-01-26,SKU:GRY-BLK P2,DUPHGVGHBX7VFYYD,Mehsha Chiffon Solid Women Dupatta,6.0
2026-02-02,SKU:GRY-BLK P2,DUPHGVGHBX7VFYYD,Mehsha Chiffon Solid Women Dupatta,3.0
2026-02-09,SKU:GRY-BLK P2,DUPHGVGHBX7VFYYD,Mehsha Chiffon Solid Women Dupatta,4.0
2026-02-16,SKU:GRY-BLK P2,DUPHGVGHBX7VFYYD,Mehsha Chiffon Solid Women Dupatta,2.0
2026-02-23,SKU:GRY-BLK P2,DUPHGVGHBX7VFYYD,Mehsha Chiffon Solid Women Dupatta,2.0
2026-03-02,SKU:GRY-BLK P2,DUPHGVGHBX7VFYYD,Mehsha Chiffon Solid Women Dupatta,1.0
2026-03-09,SKU:GRY-BLK P2,DUPHGVGHBX7VFYYD,Mehsha Chiffon Solid Women Dupatta,6.0
2026-03-16,SKU:GRY-BLK P2,DUPHGVGHBX7VFYYD,Mehsha Chiffon Solid Women Dupatta,0.0
2026-03-23,SKU:GRY-BLK P2,DUPHGVGHBX7VFYYD,Mehsha Chiffon Solid Women Dupatta,2.0
2026-03-30,SKU:GRY-BLK P2,DUPHGVGHBX7VFYYD,Mehsha Chiffon Solid Women Dupatta,0.0
2026-04-06,SKU:GRY-BLK P2,DUPHGVGHBX7VFYYD,Mehsha Chiffon Solid Women Dupatta,1.0
2026-04-13,SKU:GRY-BLK P2,DUPHGVGHBX7VFYYD,Mehsha Chiffon Solid Women Dupatta,3.0
2026-04-20,SKU:GRY-BLK P2,DUPHGVGHBX7VFYYD,Mehsha Chiffon Solid Women Dupatta,1.0
2026-04-27,SKU:GRY-BLK P2,DUPHGVGHBX7VFYYD,Mehsha Chiffon Solid Women Dupatta,2.0
2026-05-04,SKU:GRY-BLK P2,DUPHGVGHBX7VFYYD,Mehsha Chiffon Solid Women Dupatta,0.0
2026-05-11,SKU:GRY-BLK P2,DUPHGVGHBX7VFYYD,Mehsha Chiffon Solid Women Dupatta,0.0
2026-05-18,SKU:GRY-BLK P2,DUPHGVGHBX7VFYYD,Mehsha Chiffon Solid Women Dupatta,0.0
2026-05-25,SKU:GRY-BLK P2,DUPHGVGHBX7VFYYD,Mehsha Chiffon Solid Women Dupatta,0.0
2026-06-01,SKU:GRY-BLK P2,DUPHGVGHBX7VFYYD,Mehsha Chiffon Solid Women Dupatta,0.0
2026-06-08,SKU:GRY-BLK P2,DUPHGVGHBX7VFYYD,Mehsha Chiffon Solid Women Dupatta,0.0
2026-06-15,SKU:GRY-BLK P2,DUPHGVGHBX7VFYYD,Mehsha Chiffon Solid Women Dupatta,0.0
2026-06-22,SKU:GRY-BLK P2,DUPHGVGHBX7VFYYD,Mehsha Chiffon Solid Women Dupatta,0.0
2026-06-29,SKU:GRY-BLK P2,DUPHGVGHBX7VFYYD,Mehsha Chiffon Solid Women Dupatta,1.0
2026-07-06,SKU:GRY-BLK P2,DUPHGVGHBX7VFYYD,Mehsha Chiffon Solid Women Dupatta,2.0
2026-07-13,SKU:GRY-BLK P2,DUPHGVGHBX7VFYYD,Mehsha Chiffon Solid Women Dupatta,1.0
2026-07-20,SKU:GRY-BLK P2,DUPHGVGHBX7VFYYD,Mehsha Chiffon Solid Women Dupatta,2.0
2026-07-27,SKU:GRY-BLK P2,DUPHGVGHBX7VFYYD,Mehsha Chiffon Solid Women Dupatta,0.0
2026-08-03,SKU:GRY-BLK P2,DUPHGVGHBX7VFYYD,Mehsha Chiffon Solid Women Dupatta,0.0
2026-08-10,SKU:GRY-BLK P2,DUPHGVGHBX7VFYYD,Mehsha Chiffon Solid Women Dupatta,0.0
2026-08-17,SKU:GRY-BLK P2,DUPHGVGHBX7VFYYD,Mehsha Chiffon Solid Women Dupatta,0.0
2026-08-24,SKU:GRY-BLK P2,DUPHGVGHBX7VFYYD,Mehsha Chiffon Solid Women Dupatta,1.0
2026-08-31,SKU:GRY-BLK P2,DUPHGVGHBX7VFYYD,Mehsha Chiffon Solid Women Dupatta,1.0
2026-04-13,SKU:GRY-PK2,DUPHHKKBMVGSVYH7,Mehsha Georgette Solid Women Dupatta,2.0
2026-04-20,SKU:GRY-PK2,DUPHHKKBMVGSVYH7,Mehsha Georgette Solid Women Dupatta,1.0
2026-04-27,SKU:GRY-PK2,DUPHHKKBMVGSVYH7,Mehsha Georgette Solid Women Dupatta,1.0
2026-05-04,SKU:GRY-PK2,DUPHHKKBMVGSVYH7,Mehsha Georgette Solid Women Dupatta,0.0
2026-05-11,SKU:GRY-PK2,DUPHHKKBMVGSVYH7,Mehsha Georgette Solid Women Dupatta,0.0
2026-05-18,SKU:GRY-PK2,DUPHHKKBMVGSVYH7,Mehsha Georgette Solid Women Dupatta,0.0
2026-05-25,SKU:GRY-PK2,DUPHHKKBMVGSVYH7,Mehsha Georgette Solid Women Dupatta,0.0
2026-06-01,SKU:GRY-PK2,DUPHHKKBMVGSVYH7,Mehsha Georgette Solid Women Dupatta,0.0
2026-06-08,SKU:GRY-PK2,DUPHHKKBMVGSVYH7,Mehsha Georgette Solid Women Dupatta,0.0
2026-06-15,SKU:GRY-PK2,DUPHHKKBMVGSVYH7,Mehsha Georgette Solid Women Dupatta,0.0
2026-06-22,SKU:GRY-PK2,DUPHHKKBMVGSVYH7,Mehsha Georgette Solid Women Dupatta,0.0
2026-06-29,SKU:GRY-PK2,DUPHHKKBMVGSVYH7,Mehsha Georgette Solid Women Dupatta,0.0
2026-07-06,SKU:GRY-PK2,DUPHHKKBMVGSVYH7,Mehsha Georgette Solid Women Dupatta,0.0
2026-07-13,SKU:GRY-PK2,DUPHHKKBMVGSVYH7,Mehsha Georgette Solid Women Dupatta,0.0
2026-07-20,SKU:GRY-PK2,DUPHHKKBMVGSVYH7,Mehsha Georgette Solid Women Dupatta,0.0
2026-07-27,SKU:GRY-PK2,DUPHHKKBMVGSVYH7,Mehsha Georgette Solid Women Dupatta,0.0
2026-08-03,SKU:GRY-PK2,DUPHHKKBMVGSVYH7,Mehsha Georgette Solid Women Dupatta,0.0
2026-08-10,SKU:GRY-PK2,DUPHHKKBMVGSVYH7,Mehsha Georgette Solid Women Dupatta,1.0
2026-08-17,SKU:GRY-PK2,DUPHHKKBMVGSVYH7,Mehsha Georgette Solid Women Dupatta,0.0
2026-08-24,SKU:GRY-PK2,DUPHHKKBMVGSVYH7,Mehsha Georgette Solid Women Dupatta,0.0
2026-08-31,SKU:GRY-PK2,DUPHHKKBMVGSVYH7,Mehsha Georgette Solid Women Dupatta,0.0
2026-08-31,SKU:HB-BLK-PK2,DUPHQCQSADDZYPXV,Mehsha Georgette Solid Women Dupatta,1.0
2025-12-22,SKU:LVN-1-PK,DUPHGP4M5NPEYM78,MEHSHAA Georgette Solid Women Dupatta,1.0
2025-12-29,SKU:LVN-1-PK,DUPHGP4M5NPEYM78,MEHSHAA Georgette Solid Women Dupatta,1.0
2026-01-05,SKU:LVN-1-PK,DUPHGP4M5NPEYM78,MEHSHAA Georgette Solid Women Dupatta,0.0
2026-01-12,SKU:LVN-1-PK,DUPHGP4M5NPEYM78,MEHSHAA Georgette Solid Women Dupatta,0.0
2026-01-19,SKU:LVN-1-PK,DUPHGP4M5NPEYM78,MEHSHAA Georgette Solid Women Dupatta,0.0
2026-01-26,SKU:LVN-1-PK,DUPHGP4M5NPEYM78,MEHSHAA Georgette Solid Women Dupatta,0.0
2026-02-02,SKU:LVN-1-PK,DUPHGP4M5NPEYM78,MEHSHAA Georgette Solid Women Dupatta,0.0
2026-02-09,SKU:LVN-1-PK,DUPHGP4M5NPEYM78,MEHSHAA Georgette Solid Women Dupatta,0.0
2026-02-16,SKU:LVN-1-PK,DUPHGP4M5NPEYM78,MEHSHAA Georgette Solid Women Dupatta,0.0
2026-02-23,SKU:LVN-1-PK,DUPHGP4M5NPEYM78,MEHSHAA Georgette Solid Women Dupatta,0.0
2026-03-02,SKU:LVN-1-PK,DUPHGP4M5NPEYM78,MEHSHAA Georgette Solid Women Dupatta,0.0
2026-03-09,SKU:LVN-1-PK,DUPHGP4M5NPEYM78,MEHSHAA Georgette Solid Women Dupatta,0.0
2026-03-16,SKU:LVN-1-PK,DUPHGP4M5NPEYM78,MEHSHAA Georgette Solid Women Dupatta,0.0
2026-03-23,SKU:LVN-1-PK,DUPHGP4M5NPEYM78,MEHSHAA Georgette Solid Women Dupatta,0.0
2026-03-30,SKU:LVN-1-PK,DUPHGP4M5NPEYM78,MEHSHAA Georgette Solid Women Dupatta,0.0
2026-04-06,SKU:LVN-1-PK,DUPHGP4M5NPEYM78,MEHSHAA Georgette Solid Women Dupatta,0.0
2026-04-13,SKU:LVN-1-PK,DUPHGP4M5NPEYM78,MEHSHAA Georgette Solid Women Dupatta,0.0
2026-04-20,SKU:LVN-1-PK,DUPHGP4M5NPEYM78,MEHSHAA Georgette Solid Women Dupatta,0.0
2026-04-27,SKU:LVN-1-PK,DUPHGP4M5NPEYM78,MEHSHAA Georgette Solid Women Dupatta,0.0
2026-05-04,SKU:LVN-1-PK,DUPHGP4M5NPEYM78,MEHSHAA Georgette Solid Women Dupatta,0.0
2026-05-11,SKU:LVN-1-PK,DUPHGP4M5NPEYM78,MEHSHAA Georgette Solid Women Dupatta,0.0
2026-05-18,SKU:LVN-1-PK,DUPHGP4M5NPEYM78,MEHSHAA Georgette Solid Women Dupatta,0.0
2026-05-25,SKU:LVN-1-PK,DUPHGP4M5NPEYM78,MEHSHAA Georgette Solid Women Dupatta,0.0
2026-06-01,SKU:LVN-1-PK,DUPHGP4M5NPEYM78,MEHSHAA Georgette Solid Women Dupatta,0.0
2026-06-08,SKU:LVN-1-PK,DUPHGP4M5NPEYM78,MEHSHAA Georgette Solid Women Dupatta,0.0
2026-06-15,SKU:LVN-1-PK,DUPHGP4M5NPEYM78,MEHSHAA Georgette Solid Women Dupatta,0.0
2026-06-22,SKU:LVN-1-PK,DUPHGP4M5NPEYM78,MEHSHAA Georgette Solid Women Dupatta,0.0
2026-06-29,SKU:LVN-1-PK,DUPHGP4M5NPEYM78,MEHSHAA Georgette Solid Women Dupatta,0.0
2026-07-06,SKU:LVN-1-PK,DUPHGP4M5NPEYM78,MEHSHAA Georgette Solid Women Dupatta,0.0
2026-07-13,SKU:LVN-1-PK,DUPHGP4M5NPEYM78,MEHSHAA Georgette Solid Women Dupatta,0.0
2026-07-20,SKU:LVN-1-PK,DUPHGP4M5NPEYM78,MEHSHAA Georgette Solid Women Dupatta,1.0
2026-07-27,SKU:LVN-1-PK,DUPHGP4M5NPEYM78,MEHSHAA Georgette Solid Women Dupatta,0.0
2026-08-03,SKU:LVN-1-PK,DUPHGP4M5NPEYM78,MEHSHAA Georgette Solid Women Dupatta,0.0
2026-08-10,SKU:LVN-1-PK,DUPHGP4M5NPEYM78,MEHSHAA Georgette Solid Women Dupatta,1.0
2026-08-17,SKU:LVN-1-PK,DUPHGP4M5NPEYM78,MEHSHAA Georgette Solid Women Dupatta,0.0
2026-08-24,SKU:LVN-1-PK,DUPHGP4M5NPEYM78,MEHSHAA Georgette Solid Women Dupatta,0.0
2026-08-31,SKU:LVN-1-PK,DUPHGP4M5NPEYM78,MEHSHAA Georgette Solid Women Dupatta,2.0
2026-03-30,SKU:LVN-PK2,DUPHHKKB7RHYFURR,Mehsha Georgette Solid Women Dupatta,2.0
2026-04-06,SKU:LVN-PK2,DUPHHKKB7RHYFURR,Mehsha Georgette Solid Women Dupatta,0.0
2026-04-13,SKU:LVN-PK2,DUPHHKKB7RHYFURR,Mehsha Georgette Solid Women Dupatta,0.0
2026-04-20,SKU:LVN-PK2,DUPHHKKB7RHYFURR,Mehsha Georgette Solid Women Dupatta,0.0
2026-04-27,SKU:LVN-PK2,DUPHHKKB7RHYFURR,Mehsha Georgette Solid Women Dupatta,0.0
2026-05-04,SKU:LVN-PK2,DUPHHKKB7RHYFURR,Mehsha Georgette Solid Women Dupatta,0.0
2026-05-11,SKU:LVN-PK2,DUPHHKKB7RHYFURR,Mehsha Georgette Solid Women Dupatta,0.0
2026-05-18,SKU:LVN-PK2,DUPHHKKB7RHYFURR,Mehsha Georgette Solid Women Dupatta,0.0
2026-05-25,SKU:LVN-PK2,DUPHHKKB7RHYFURR,Mehsha Georgette Solid Women Dupatta,0.0
2026-06-01,SKU:LVN-PK2,DUPHHKKB7RHYFURR,Mehsha Georgette Solid Women Dupatta,0.0
2026-06-08,SKU:LVN-PK2,DUPHHKKB7RHYFURR,Mehsha Georgette Solid Women Dupatta,0.0
2026-06-15,SKU:LVN-PK2,DUPHHKKB7RHYFURR,Mehsha Georgette Solid Women Dupatta,0.0
2026-06-22,SKU:LVN-PK2,DUPHHKKB7RHYFURR,Mehsha Georgette Solid Women Dupatta,0.0
2026-06-29,SKU:LVN-PK2,DUPHHKKB7RHYFURR,Mehsha Georgette Solid Women Dupatta,0.0
2026-07-06,SKU:LVN-PK2,DUPHHKKB7RHYFURR,Mehsha Georgette Solid Women Dupatta,0.0
2026-07-13,SKU:LVN-PK2,DUPHHKKB7RHYFURR,Mehsha Georgette Solid Women Dupatta,1.0
2026-07-20,SKU:LVN-PK2,DUPHHKKB7RHYFURR,Mehsha Georgette Solid Women Dupatta,0.0
2026-07-27,SKU:LVN-PK2,DUPHHKKB7RHYFURR,Mehsha Georgette Solid Women Dupatta,0.0
2026-08-03,SKU:LVN-PK2,DUPHHKKB7RHYFURR,Mehsha Georgette Solid Women Dupatta,0.0
2026-08-10,SKU:LVN-PK2,DUPHHKKB7RHYFURR,Mehsha Georgette Solid Women Dupatta,0.0
2026-08-17,SKU:LVN-PK2,DUPHHKKB7RHYFURR,Mehsha Georgette Solid Women Dupatta,0.0
2026-08-24,SKU:LVN-PK2,DUPHHKKB7RHYFURR,Mehsha Georgette Solid Women Dupatta,0.0
2026-08-31,SKU:LVN-PK2,DUPHHKKB7RHYFURR,Mehsha Georgette Solid Women Dupatta,0.0
2026-08-17,SKU:MP-HB-GRN-1PK,SCFH4H2CGSZBYAZG,SAVAARA Solid Georgette Women Fancy Scarf  Stole  Scarf,2.0
2026-08-24,SKU:MP-HB-GRN-1PK,SCFH4H2CGSZBYAZG,SAVAARA Solid Georgette Women Fancy Scarf  Stole  Scarf,2.0
2026-08-31,SKU:MP-HB-GRN-1PK,SCFH4H2CGSZBYAZG,SAVAARA Solid Georgette Women Fancy Scarf  Stole  Scarf,1.0
2026-08-17,SKU:MP-HB-MRN-1PK,SCFHJF7GMKUWXJWG,Habibisfashion Solid Georgette  Chiffon Women Faux Turtleneck Neck Cover  Scarf  Bluetooth Scarf  Fancy Scarf  Stole,5.0
2026-08-24,SKU:MP-HB-MRN-1PK,SCFHJF7GMKUWXJWG,Habibisfashion Solid Georgette  Chiffon Women Faux Turtleneck Neck Cover  Scarf  Bluetooth Scarf  Fancy Scarf  Stole,2.0
2026-08-31,SKU:MP-HB-MRN-1PK,SCFHJF7GMKUWXJWG,Habibisfashion Solid Georgette  Chiffon Women Faux Turtleneck Neck Cover  Scarf  Bluetooth Scarf  Fancy Scarf  Stole,1.0
2026-08-17,SKU:MP-HB-WHT-2PK,SCFHMMWGFUPPGEFP,AshFashion Solid Georgette Women Stole,3.0
2026-08-24,SKU:MP-HB-WHT-2PK,SCFHMMWGFUPPGEFP,AshFashion Solid Georgette Women Stole,0.0
2026-08-31,SKU:MP-HB-WHT-2PK,SCFHMMWGFUPPGEFP,AshFashion Solid Georgette Women Stole,0.0
2026-08-17,SKU:MP-HBF-BRN-1PK,SCFGKTTHHHHZAFQ5,Habibisfashion Solid Chiffon Women Stole,1.0
2026-08-24,SKU:MP-HBF-BRN-1PK,SCFGKTTHHHHZAFQ5,Habibisfashion Solid Chiffon Women Stole,0.0
2026-08-31,SKU:MP-HBF-BRN-1PK,SCFGKTTHHHHZAFQ5,Habibisfashion Solid Chiffon Women Stole,1.0
2025-12-15,SKU:MRN-1-PK,DUPHGP4GSMZQHTQD,MEHSHAA Georgette Solid Women Dupatta,1.0
2025-12-22,SKU:MRN-1-PK,DUPHGP4GSMZQHTQD,MEHSHAA Georgette Solid Women Dupatta,1.0
2025-12-29,SKU:MRN-1-PK,DUPHGP4GSMZQHTQD,MEHSHAA Georgette Solid Women Dupatta,0.0
2026-01-05,SKU:MRN-1-PK,DUPHGP4GSMZQHTQD,MEHSHAA Georgette Solid Women Dupatta,0.0
2026-01-12,SKU:MRN-1-PK,DUPHGP4GSMZQHTQD,MEHSHAA Georgette Solid Women Dupatta,0.0
2026-01-19,SKU:MRN-1-PK,DUPHGP4GSMZQHTQD,MEHSHAA Georgette Solid Women Dupatta,0.0
2026-01-26,SKU:MRN-1-PK,DUPHGP4GSMZQHTQD,MEHSHAA Georgette Solid Women Dupatta,1.0
2026-02-02,SKU:MRN-1-PK,DUPHGP4GSMZQHTQD,MEHSHAA Georgette Solid Women Dupatta,0.0
2026-02-09,SKU:MRN-1-PK,DUPHGP4GSMZQHTQD,MEHSHAA Georgette Solid Women Dupatta,2.0
2026-02-16,SKU:MRN-1-PK,DUPHGP4GSMZQHTQD,MEHSHAA Georgette Solid Women Dupatta,1.0
2026-02-23,SKU:MRN-1-PK,DUPHGP4GSMZQHTQD,MEHSHAA Georgette Solid Women Dupatta,2.0
2026-03-02,SKU:MRN-1-PK,DUPHGP4GSMZQHTQD,MEHSHAA Georgette Solid Women Dupatta,0.0
2026-03-09,SKU:MRN-1-PK,DUPHGP4GSMZQHTQD,MEHSHAA Georgette Solid Women Dupatta,2.0
2026-03-16,SKU:MRN-1-PK,DUPHGP4GSMZQHTQD,MEHSHAA Georgette Solid Women Dupatta,0.0
2026-03-23,SKU:MRN-1-PK,DUPHGP4GSMZQHTQD,MEHSHAA Georgette Solid Women Dupatta,1.0
2026-03-30,SKU:MRN-1-PK,DUPHGP4GSMZQHTQD,MEHSHAA Georgette Solid Women Dupatta,3.0
2026-04-06,SKU:MRN-1-PK,DUPHGP4GSMZQHTQD,MEHSHAA Georgette Solid Women Dupatta,1.0
2026-04-13,SKU:MRN-1-PK,DUPHGP4GSMZQHTQD,MEHSHAA Georgette Solid Women Dupatta,0.0
2026-04-20,SKU:MRN-1-PK,DUPHGP4GSMZQHTQD,MEHSHAA Georgette Solid Women Dupatta,0.0
2026-04-27,SKU:MRN-1-PK,DUPHGP4GSMZQHTQD,MEHSHAA Georgette Solid Women Dupatta,0.0
2026-05-04,SKU:MRN-1-PK,DUPHGP4GSMZQHTQD,MEHSHAA Georgette Solid Women Dupatta,0.0
2026-05-11,SKU:MRN-1-PK,DUPHGP4GSMZQHTQD,MEHSHAA Georgette Solid Women Dupatta,0.0
2026-05-18,SKU:MRN-1-PK,DUPHGP4GSMZQHTQD,MEHSHAA Georgette Solid Women Dupatta,0.0
2026-05-25,SKU:MRN-1-PK,DUPHGP4GSMZQHTQD,MEHSHAA Georgette Solid Women Dupatta,0.0
2026-06-01,SKU:MRN-1-PK,DUPHGP4GSMZQHTQD,MEHSHAA Georgette Solid Women Dupatta,0.0
2026-06-08,SKU:MRN-1-PK,DUPHGP4GSMZQHTQD,MEHSHAA Georgette Solid Women Dupatta,0.0
2026-06-15,SKU:MRN-1-PK,DUPHGP4GSMZQHTQD,MEHSHAA Georgette Solid Women Dupatta,0.0
2026-06-22,SKU:MRN-1-PK,DUPHGP4GSMZQHTQD,MEHSHAA Georgette Solid Women Dupatta,0.0
2026-06-29,SKU:MRN-1-PK,DUPHGP4GSMZQHTQD,MEHSHAA Georgette Solid Women Dupatta,0.0
2026-07-06,SKU:MRN-1-PK,DUPHGP4GSMZQHTQD,MEHSHAA Georgette Solid Women Dupatta,0.0
2026-07-13,SKU:MRN-1-PK,DUPHGP4GSMZQHTQD,MEHSHAA Georgette Solid Women Dupatta,0.0
2026-07-20,SKU:MRN-1-PK,DUPHGP4GSMZQHTQD,MEHSHAA Georgette Solid Women Dupatta,0.0
2026-07-27,SKU:MRN-1-PK,DUPHGP4GSMZQHTQD,MEHSHAA Georgette Solid Women Dupatta,0.0
2026-08-03,SKU:MRN-1-PK,DUPHGP4GSMZQHTQD,MEHSHAA Georgette Solid Women Dupatta,0.0
2026-08-10,SKU:MRN-1-PK,DUPHGP4GSMZQHTQD,MEHSHAA Georgette Solid Women Dupatta,0.0
2026-08-17,SKU:MRN-1-PK,DUPHGP4GSMZQHTQD,MEHSHAA Georgette Solid Women Dupatta,0.0
2026-08-24,SKU:MRN-1-PK,DUPHGP4GSMZQHTQD,MEHSHAA Georgette Solid Women Dupatta,1.0
2026-08-31,SKU:MRN-1-PK,DUPHGP4GSMZQHTQD,MEHSHAA Georgette Solid Women Dupatta,0.0
2026-01-26,SKU:MRN-3-PK,DUPHGGZHV6XRFJTZ,Mehsha Georgette Solid Women Dupatta,1.0
2026-02-02,SKU:MRN-3-PK,DUPHGGZHV6XRFJTZ,Mehsha Georgette Solid Women Dupatta,0.0
2026-02-09,SKU:MRN-3-PK,DUPHGGZHV6XRFJTZ,Mehsha Georgette Solid Women Dupatta,0.0
2026-02-16,SKU:MRN-3-PK,DUPHGGZHV6XRFJTZ,Mehsha Georgette Solid Women Dupatta,0.0
2026-02-23,SKU:MRN-3-PK,DUPHGGZHV6XRFJTZ,Mehsha Georgette Solid Women Dupatta,0.0
2026-03-02,SKU:MRN-3-PK,DUPHGGZHV6XRFJTZ,Mehsha Georgette Solid Women Dupatta,0.0
2026-03-09,SKU:MRN-3-PK,DUPHGGZHV6XRFJTZ,Mehsha Georgette Solid Women Dupatta,0.0
2026-03-16,SKU:MRN-3-PK,DUPHGGZHV6XRFJTZ,Mehsha Georgette Solid Women Dupatta,0.0
2026-03-23,SKU:MRN-3-PK,DUPHGGZHV6XRFJTZ,Mehsha Georgette Solid Women Dupatta,0.0
2026-03-30,SKU:MRN-3-PK,DUPHGGZHV6XRFJTZ,Mehsha Georgette Solid Women Dupatta,0.0
2026-04-06,SKU:MRN-3-PK,DUPHGGZHV6XRFJTZ,Mehsha Georgette Solid Women Dupatta,0.0
2026-04-13,SKU:MRN-3-PK,DUPHGGZHV6XRFJTZ,Mehsha Georgette Solid Women Dupatta,0.0
2026-04-20,SKU:MRN-3-PK,DUPHGGZHV6XRFJTZ,Mehsha Georgette Solid Women Dupatta,0.0
2026-04-27,SKU:MRN-3-PK,DUPHGGZHV6XRFJTZ,Mehsha Georgette Solid Women Dupatta,0.0
2026-05-04,SKU:MRN-3-PK,DUPHGGZHV6XRFJTZ,Mehsha Georgette Solid Women Dupatta,0.0
2026-05-11,SKU:MRN-3-PK,DUPHGGZHV6XRFJTZ,Mehsha Georgette Solid Women Dupatta,1.0
2026-05-18,SKU:MRN-3-PK,DUPHGGZHV6XRFJTZ,Mehsha Georgette Solid Women Dupatta,0.0
2026-05-25,SKU:MRN-3-PK,DUPHGGZHV6XRFJTZ,Mehsha Georgette Solid Women Dupatta,0.0
2026-06-01,SKU:MRN-3-PK,DUPHGGZHV6XRFJTZ,Mehsha Georgette Solid Women Dupatta,0.0
2026-06-08,SKU:MRN-3-PK,DUPHGGZHV6XRFJTZ,Mehsha Georgette Solid Women Dupatta,0.0
2026-06-15,SKU:MRN-3-PK,DUPHGGZHV6XRFJTZ,Mehsha Georgette Solid Women Dupatta,0.0
2026-06-22,SKU:MRN-3-PK,DUPHGGZHV6XRFJTZ,Mehsha Georgette Solid Women Dupatta,0.0
2026-06-29,SKU:MRN-3-PK,DUPHGGZHV6XRFJTZ,Mehsha Georgette Solid Women Dupatta,0.0
2026-07-06,SKU:MRN-3-PK,DUPHGGZHV6XRFJTZ,Mehsha Georgette Solid Women Dupatta,0.0
2026-07-13,SKU:MRN-3-PK,DUPHGGZHV6XRFJTZ,Mehsha Georgette Solid Women Dupatta,0.0
2026-07-20,SKU:MRN-3-PK,DUPHGGZHV6XRFJTZ,Mehsha Georgette Solid Women Dupatta,1.0
2026-07-27,SKU:MRN-3-PK,DUPHGGZHV6XRFJTZ,Mehsha Georgette Solid Women Dupatta,0.0
2026-08-03,SKU:MRN-3-PK,DUPHGGZHV6XRFJTZ,Mehsha Georgette Solid Women Dupatta,0.0
2026-08-10,SKU:MRN-3-PK,DUPHGGZHV6XRFJTZ,Mehsha Georgette Solid Women Dupatta,0.0
2026-08-17,SKU:MRN-3-PK,DUPHGGZHV6XRFJTZ,Mehsha Georgette Solid Women Dupatta,1.0
2026-08-24,SKU:MRN-3-PK,DUPHGGZHV6XRFJTZ,Mehsha Georgette Solid Women Dupatta,0.0
2026-08-31,SKU:MRN-3-PK,DUPHGGZHV6XRFJTZ,Mehsha Georgette Solid Women Dupatta,0.0
2026-08-10,SKU:MRN-PK2,DUPHHKKB9KR6TUPY,Mehsha Georgette Solid Women Dupatta,4.0
2026-08-17,SKU:MRN-PK2,DUPHHKKB9KR6TUPY,Mehsha Georgette Solid Women Dupatta,0.0
2026-08-24,SKU:MRN-PK2,DUPHHKKB9KR6TUPY,Mehsha Georgette Solid Women Dupatta,0.0
2026-08-31,SKU:MRN-PK2,DUPHHKKB9KR6TUPY,Mehsha Georgette Solid Women Dupatta,0.0
2025-12-15,SKU:MULTI-FAUX.,EARHGCH3FNZ9Q7MN,Mehsha Kids Cat Ear Muffler for winter Ear Muff Pack of 1,1.0
2025-12-22,SKU:MULTI-FAUX.,EARHGCH3FNZ9Q7MN,Mehsha Kids Cat Ear Muffler for winter Ear Muff Pack of 1,0.0
2025-12-29,SKU:MULTI-FAUX.,EARHGCH3FNZ9Q7MN,Mehsha Kids Cat Ear Muffler for winter Ear Muff Pack of 1,0.0
2026-01-05,SKU:MULTI-FAUX.,EARHGCH3FNZ9Q7MN,Mehsha Kids Cat Ear Muffler for winter Ear Muff Pack of 1,0.0
2026-01-12,SKU:MULTI-FAUX.,EARHGCH3FNZ9Q7MN,Mehsha Kids Cat Ear Muffler for winter Ear Muff Pack of 1,0.0
2026-01-19,SKU:MULTI-FAUX.,EARHGCH3FNZ9Q7MN,Mehsha Kids Cat Ear Muffler for winter Ear Muff Pack of 1,0.0
2026-01-26,SKU:MULTI-FAUX.,EARHGCH3FNZ9Q7MN,Mehsha Kids Cat Ear Muffler for winter Ear Muff Pack of 1,0.0
2026-02-02,SKU:MULTI-FAUX.,EARHGCH3FNZ9Q7MN,Mehsha Kids Cat Ear Muffler for winter Ear Muff Pack of 1,0.0
2026-02-09,SKU:MULTI-FAUX.,EARHGCH3FNZ9Q7MN,Mehsha Kids Cat Ear Muffler for winter Ear Muff Pack of 1,0.0
2026-02-16,SKU:MULTI-FAUX.,EARHGCH3FNZ9Q7MN,Mehsha Kids Cat Ear Muffler for winter Ear Muff Pack of 1,0.0
2026-02-23,SKU:MULTI-FAUX.,EARHGCH3FNZ9Q7MN,Mehsha Kids Cat Ear Muffler for winter Ear Muff Pack of 1,0.0
2026-03-02,SKU:MULTI-FAUX.,EARHGCH3FNZ9Q7MN,Mehsha Kids Cat Ear Muffler for winter Ear Muff Pack of 1,0.0
2026-03-09,SKU:MULTI-FAUX.,EARHGCH3FNZ9Q7MN,Mehsha Kids Cat Ear Muffler for winter Ear Muff Pack of 1,0.0
2026-03-16,SKU:MULTI-FAUX.,EARHGCH3FNZ9Q7MN,Mehsha Kids Cat Ear Muffler for winter Ear Muff Pack of 1,0.0
2026-03-23,SKU:MULTI-FAUX.,EARHGCH3FNZ9Q7MN,Mehsha Kids Cat Ear Muffler for winter Ear Muff Pack of 1,0.0
2026-03-30,SKU:MULTI-FAUX.,EARHGCH3FNZ9Q7MN,Mehsha Kids Cat Ear Muffler for winter Ear Muff Pack of 1,0.0
2026-04-06,SKU:MULTI-FAUX.,EARHGCH3FNZ9Q7MN,Mehsha Kids Cat Ear Muffler for winter Ear Muff Pack of 1,0.0
2026-04-13,SKU:MULTI-FAUX.,EARHGCH3FNZ9Q7MN,Mehsha Kids Cat Ear Muffler for winter Ear Muff Pack of 1,0.0
2026-04-20,SKU:MULTI-FAUX.,EARHGCH3FNZ9Q7MN,Mehsha Kids Cat Ear Muffler for winter Ear Muff Pack of 1,0.0
2026-04-27,SKU:MULTI-FAUX.,EARHGCH3FNZ9Q7MN,Mehsha Kids Cat Ear Muffler for winter Ear Muff Pack of 1,0.0
2026-05-04,SKU:MULTI-FAUX.,EARHGCH3FNZ9Q7MN,Mehsha Kids Cat Ear Muffler for winter Ear Muff Pack of 1,0.0
2026-05-11,SKU:MULTI-FAUX.,EARHGCH3FNZ9Q7MN,Mehsha Kids Cat Ear Muffler for winter Ear Muff Pack of 1,0.0
2026-05-18,SKU:MULTI-FAUX.,EARHGCH3FNZ9Q7MN,Mehsha Kids Cat Ear Muffler for winter Ear Muff Pack of 1,0.0
2026-05-25,SKU:MULTI-FAUX.,EARHGCH3FNZ9Q7MN,Mehsha Kids Cat Ear Muffler for winter Ear Muff Pack of 1,0.0
2026-06-01,SKU:MULTI-FAUX.,EARHGCH3FNZ9Q7MN,Mehsha Kids Cat Ear Muffler for winter Ear Muff Pack of 1,0.0
2026-06-08,SKU:MULTI-FAUX.,EARHGCH3FNZ9Q7MN,Mehsha Kids Cat Ear Muffler for winter Ear Muff Pack of 1,0.0
2026-06-15,SKU:MULTI-FAUX.,EARHGCH3FNZ9Q7MN,Mehsha Kids Cat Ear Muffler for winter Ear Muff Pack of 1,0.0
2026-06-22,SKU:MULTI-FAUX.,EARHGCH3FNZ9Q7MN,Mehsha Kids Cat Ear Muffler for winter Ear Muff Pack of 1,0.0
2026-06-29,SKU:MULTI-FAUX.,EARHGCH3FNZ9Q7MN,Mehsha Kids Cat Ear Muffler for winter Ear Muff Pack of 1,0.0
2026-07-06,SKU:MULTI-FAUX.,EARHGCH3FNZ9Q7MN,Mehsha Kids Cat Ear Muffler for winter Ear Muff Pack of 1,0.0
2026-07-13,SKU:MULTI-FAUX.,EARHGCH3FNZ9Q7MN,Mehsha Kids Cat Ear Muffler for winter Ear Muff Pack of 1,0.0
2026-07-20,SKU:MULTI-FAUX.,EARHGCH3FNZ9Q7MN,Mehsha Kids Cat Ear Muffler for winter Ear Muff Pack of 1,0.0
2026-07-27,SKU:MULTI-FAUX.,EARHGCH3FNZ9Q7MN,Mehsha Kids Cat Ear Muffler for winter Ear Muff Pack of 1,0.0
2026-08-03,SKU:MULTI-FAUX.,EARHGCH3FNZ9Q7MN,Mehsha Kids Cat Ear Muffler for winter Ear Muff Pack of 1,0.0
2026-08-10,SKU:MULTI-FAUX.,EARHGCH3FNZ9Q7MN,Mehsha Kids Cat Ear Muffler for winter Ear Muff Pack of 1,0.0
2026-08-17,SKU:MULTI-FAUX.,EARHGCH3FNZ9Q7MN,Mehsha Kids Cat Ear Muffler for winter Ear Muff Pack of 1,0.0
2026-08-24,SKU:MULTI-FAUX.,EARHGCH3FNZ9Q7MN,Mehsha Kids Cat Ear Muffler for winter Ear Muff Pack of 1,0.0
2026-08-31,SKU:MULTI-FAUX.,EARHGCH3FNZ9Q7MN,Mehsha Kids Cat Ear Muffler for winter Ear Muff Pack of 1,0.0
2026-03-30,SKU:NVY-3-PK,DUPHGGZ96PCAWG5H,Mehsha Georgette Solid Women Dupatta,2.0
2026-04-06,SKU:NVY-3-PK,DUPHGGZ96PCAWG5H,Mehsha Georgette Solid Women Dupatta,0.0
2026-04-13,SKU:NVY-3-PK,DUPHGGZ96PCAWG5H,Mehsha Georgette Solid Women Dupatta,0.0
2026-04-20,SKU:NVY-3-PK,DUPHGGZ96PCAWG5H,Mehsha Georgette Solid Women Dupatta,0.0
2026-04-27,SKU:NVY-3-PK,DUPHGGZ96PCAWG5H,Mehsha Georgette Solid Women Dupatta,0.0
2026-05-04,SKU:NVY-3-PK,DUPHGGZ96PCAWG5H,Mehsha Georgette Solid Women Dupatta,0.0
2026-05-11,SKU:NVY-3-PK,DUPHGGZ96PCAWG5H,Mehsha Georgette Solid Women Dupatta,0.0
2026-05-18,SKU:NVY-3-PK,DUPHGGZ96PCAWG5H,Mehsha Georgette Solid Women Dupatta,0.0
2026-05-25,SKU:NVY-3-PK,DUPHGGZ96PCAWG5H,Mehsha Georgette Solid Women Dupatta,0.0
2026-06-01,SKU:NVY-3-PK,DUPHGGZ96PCAWG5H,Mehsha Georgette Solid Women Dupatta,0.0
2026-06-08,SKU:NVY-3-PK,DUPHGGZ96PCAWG5H,Mehsha Georgette Solid Women Dupatta,0.0
2026-06-15,SKU:NVY-3-PK,DUPHGGZ96PCAWG5H,Mehsha Georgette Solid Women Dupatta,0.0
2026-06-22,SKU:NVY-3-PK,DUPHGGZ96PCAWG5H,Mehsha Georgette Solid Women Dupatta,0.0
2026-06-29,SKU:NVY-3-PK,DUPHGGZ96PCAWG5H,Mehsha Georgette Solid Women Dupatta,1.0
2026-07-06,SKU:NVY-3-PK,DUPHGGZ96PCAWG5H,Mehsha Georgette Solid Women Dupatta,0.0
2026-07-13,SKU:NVY-3-PK,DUPHGGZ96PCAWG5H,Mehsha Georgette Solid Women Dupatta,1.0
2026-07-20,SKU:NVY-3-PK,DUPHGGZ96PCAWG5H,Mehsha Georgette Solid Women Dupatta,0.0
2026-07-27,SKU:NVY-3-PK,DUPHGGZ96PCAWG5H,Mehsha Georgette Solid Women Dupatta,1.0
2026-08-03,SKU:NVY-3-PK,DUPHGGZ96PCAWG5H,Mehsha Georgette Solid Women Dupatta,0.0
2026-08-10,SKU:NVY-3-PK,DUPHGGZ96PCAWG5H,Mehsha Georgette Solid Women Dupatta,1.0
2026-08-17,SKU:NVY-3-PK,DUPHGGZ96PCAWG5H,Mehsha Georgette Solid Women Dupatta,0.0
2026-08-24,SKU:NVY-3-PK,DUPHGGZ96PCAWG5H,Mehsha Georgette Solid Women Dupatta,0.0
2026-08-31,SKU:NVY-3-PK,DUPHGGZ96PCAWG5H,Mehsha Georgette Solid Women Dupatta,0.0
2026-04-06,SKU:NVY-PK2,DUPHHKKBGEG4BBF8,Mehsha Georgette Solid Women Dupatta,1.0
2026-04-13,SKU:NVY-PK2,DUPHHKKBGEG4BBF8,Mehsha Georgette Solid Women Dupatta,0.0
2026-04-20,SKU:NVY-PK2,DUPHHKKBGEG4BBF8,Mehsha Georgette Solid Women Dupatta,0.0
2026-04-27,SKU:NVY-PK2,DUPHHKKBGEG4BBF8,Mehsha Georgette Solid Women Dupatta,1.0
2026-05-04,SKU:NVY-PK2,DUPHHKKBGEG4BBF8,Mehsha Georgette Solid Women Dupatta,0.0
2026-05-11,SKU:NVY-PK2,DUPHHKKBGEG4BBF8,Mehsha Georgette Solid Women Dupatta,0.0
2026-05-18,SKU:NVY-PK2,DUPHHKKBGEG4BBF8,Mehsha Georgette Solid Women Dupatta,0.0
2026-05-25,SKU:NVY-PK2,DUPHHKKBGEG4BBF8,Mehsha Georgette Solid Women Dupatta,0.0
2026-06-01,SKU:NVY-PK2,DUPHHKKBGEG4BBF8,Mehsha Georgette Solid Women Dupatta,0.0
2026-06-08,SKU:NVY-PK2,DUPHHKKBGEG4BBF8,Mehsha Georgette Solid Women Dupatta,0.0
2026-06-15,SKU:NVY-PK2,DUPHHKKBGEG4BBF8,Mehsha Georgette Solid Women Dupatta,0.0
2026-06-22,SKU:NVY-PK2,DUPHHKKBGEG4BBF8,Mehsha Georgette Solid Women Dupatta,0.0
2026-06-29,SKU:NVY-PK2,DUPHHKKBGEG4BBF8,Mehsha Georgette Solid Women Dupatta,0.0
2026-07-06,SKU:NVY-PK2,DUPHHKKBGEG4BBF8,Mehsha Georgette Solid Women Dupatta,0.0
2026-07-13,SKU:NVY-PK2,DUPHHKKBGEG4BBF8,Mehsha Georgette Solid Women Dupatta,0.0
2026-07-20,SKU:NVY-PK2,DUPHHKKBGEG4BBF8,Mehsha Georgette Solid Women Dupatta,0.0
2026-07-27,SKU:NVY-PK2,DUPHHKKBGEG4BBF8,Mehsha Georgette Solid Women Dupatta,0.0
2026-08-03,SKU:NVY-PK2,DUPHHKKBGEG4BBF8,Mehsha Georgette Solid Women Dupatta,0.0
2026-08-10,SKU:NVY-PK2,DUPHHKKBGEG4BBF8,Mehsha Georgette Solid Women Dupatta,0.0
2026-08-17,SKU:NVY-PK2,DUPHHKKBGEG4BBF8,Mehsha Georgette Solid Women Dupatta,0.0
2026-08-24,SKU:NVY-PK2,DUPHHKKBGEG4BBF8,Mehsha Georgette Solid Women Dupatta,0.0
2026-08-31,SKU:NVY-PK2,DUPHHKKBGEG4BBF8,Mehsha Georgette Solid Women Dupatta,0.0
2025-12-29,SKU:NVYBLU-1-PK,DUPHGP47HQ5GQ6KJ,MEHSHAA Georgette Solid Women Dupatta,1.0
2026-01-05,SKU:NVYBLU-1-PK,DUPHGP47HQ5GQ6KJ,MEHSHAA Georgette Solid Women Dupatta,0.0
2026-01-12,SKU:NVYBLU-1-PK,DUPHGP47HQ5GQ6KJ,MEHSHAA Georgette Solid Women Dupatta,1.0
2026-01-19,SKU:NVYBLU-1-PK,DUPHGP47HQ5GQ6KJ,MEHSHAA Georgette Solid Women Dupatta,0.0
2026-01-26,SKU:NVYBLU-1-PK,DUPHGP47HQ5GQ6KJ,MEHSHAA Georgette Solid Women Dupatta,0.0
2026-02-02,SKU:NVYBLU-1-PK,DUPHGP47HQ5GQ6KJ,MEHSHAA Georgette Solid Women Dupatta,0.0
2026-02-09,SKU:NVYBLU-1-PK,DUPHGP47HQ5GQ6KJ,MEHSHAA Georgette Solid Women Dupatta,0.0
2026-02-16,SKU:NVYBLU-1-PK,DUPHGP47HQ5GQ6KJ,MEHSHAA Georgette Solid Women Dupatta,0.0
2026-02-23,SKU:NVYBLU-1-PK,DUPHGP47HQ5GQ6KJ,MEHSHAA Georgette Solid Women Dupatta,1.0
2026-03-02,SKU:NVYBLU-1-PK,DUPHGP47HQ5GQ6KJ,MEHSHAA Georgette Solid Women Dupatta,0.0
2026-03-09,SKU:NVYBLU-1-PK,DUPHGP47HQ5GQ6KJ,MEHSHAA Georgette Solid Women Dupatta,0.0
2026-03-16,SKU:NVYBLU-1-PK,DUPHGP47HQ5GQ6KJ,MEHSHAA Georgette Solid Women Dupatta,0.0
2026-03-23,SKU:NVYBLU-1-PK,DUPHGP47HQ5GQ6KJ,MEHSHAA Georgette Solid Women Dupatta,0.0
2026-03-30,SKU:NVYBLU-1-PK,DUPHGP47HQ5GQ6KJ,MEHSHAA Georgette Solid Women Dupatta,0.0
2026-04-06,SKU:NVYBLU-1-PK,DUPHGP47HQ5GQ6KJ,MEHSHAA Georgette Solid Women Dupatta,0.0
2026-04-13,SKU:NVYBLU-1-PK,DUPHGP47HQ5GQ6KJ,MEHSHAA Georgette Solid Women Dupatta,0.0
2026-04-20,SKU:NVYBLU-1-PK,DUPHGP47HQ5GQ6KJ,MEHSHAA Georgette Solid Women Dupatta,0.0
2026-04-27,SKU:NVYBLU-1-PK,DUPHGP47HQ5GQ6KJ,MEHSHAA Georgette Solid Women Dupatta,0.0
2026-05-04,SKU:NVYBLU-1-PK,DUPHGP47HQ5GQ6KJ,MEHSHAA Georgette Solid Women Dupatta,0.0
2026-05-11,SKU:NVYBLU-1-PK,DUPHGP47HQ5GQ6KJ,MEHSHAA Georgette Solid Women Dupatta,0.0
2026-05-18,SKU:NVYBLU-1-PK,DUPHGP47HQ5GQ6KJ,MEHSHAA Georgette Solid Women Dupatta,0.0
2026-05-25,SKU:NVYBLU-1-PK,DUPHGP47HQ5GQ6KJ,MEHSHAA Georgette Solid Women Dupatta,0.0
2026-06-01,SKU:NVYBLU-1-PK,DUPHGP47HQ5GQ6KJ,MEHSHAA Georgette Solid Women Dupatta,0.0
2026-06-08,SKU:NVYBLU-1-PK,DUPHGP47HQ5GQ6KJ,MEHSHAA Georgette Solid Women Dupatta,0.0
2026-06-15,SKU:NVYBLU-1-PK,DUPHGP47HQ5GQ6KJ,MEHSHAA Georgette Solid Women Dupatta,0.0
2026-06-22,SKU:NVYBLU-1-PK,DUPHGP47HQ5GQ6KJ,MEHSHAA Georgette Solid Women Dupatta,0.0
2026-06-29,SKU:NVYBLU-1-PK,DUPHGP47HQ5GQ6KJ,MEHSHAA Georgette Solid Women Dupatta,0.0
2026-07-06,SKU:NVYBLU-1-PK,DUPHGP47HQ5GQ6KJ,MEHSHAA Georgette Solid Women Dupatta,0.0
2026-07-13,SKU:NVYBLU-1-PK,DUPHGP47HQ5GQ6KJ,MEHSHAA Georgette Solid Women Dupatta,1.0
2026-07-20,SKU:NVYBLU-1-PK,DUPHGP47HQ5GQ6KJ,MEHSHAA Georgette Solid Women Dupatta,1.0
2026-07-27,SKU:NVYBLU-1-PK,DUPHGP47HQ5GQ6KJ,MEHSHAA Georgette Solid Women Dupatta,0.0
2026-08-03,SKU:NVYBLU-1-PK,DUPHGP47HQ5GQ6KJ,MEHSHAA Georgette Solid Women Dupatta,0.0
2026-08-10,SKU:NVYBLU-1-PK,DUPHGP47HQ5GQ6KJ,MEHSHAA Georgette Solid Women Dupatta,1.0
2026-08-17,SKU:NVYBLU-1-PK,DUPHGP47HQ5GQ6KJ,MEHSHAA Georgette Solid Women Dupatta,1.0
2026-08-24,SKU:NVYBLU-1-PK,DUPHGP47HQ5GQ6KJ,MEHSHAA Georgette Solid Women Dupatta,0.0
2026-08-31,SKU:NVYBLU-1-PK,DUPHGP47HQ5GQ6KJ,MEHSHAA Georgette Solid Women Dupatta,2.0
2026-02-16,SKU:PCH-1-PK,DUPHGP4VWCHQEHFS,MEHSHAA Georgette Solid Women Dupatta,2.0
2026-02-23,SKU:PCH-1-PK,DUPHGP4VWCHQEHFS,MEHSHAA Georgette Solid Women Dupatta,2.0
2026-03-02,SKU:PCH-1-PK,DUPHGP4VWCHQEHFS,MEHSHAA Georgette Solid Women Dupatta,0.0
2026-03-09,SKU:PCH-1-PK,DUPHGP4VWCHQEHFS,MEHSHAA Georgette Solid Women Dupatta,1.0
2026-03-16,SKU:PCH-1-PK,DUPHGP4VWCHQEHFS,MEHSHAA Georgette Solid Women Dupatta,0.0
2026-03-23,SKU:PCH-1-PK,DUPHGP4VWCHQEHFS,MEHSHAA Georgette Solid Women Dupatta,0.0
2026-03-30,SKU:PCH-1-PK,DUPHGP4VWCHQEHFS,MEHSHAA Georgette Solid Women Dupatta,1.0
2026-04-06,SKU:PCH-1-PK,DUPHGP4VWCHQEHFS,MEHSHAA Georgette Solid Women Dupatta,0.0
2026-04-13,SKU:PCH-1-PK,DUPHGP4VWCHQEHFS,MEHSHAA Georgette Solid Women Dupatta,0.0
2026-04-20,SKU:PCH-1-PK,DUPHGP4VWCHQEHFS,MEHSHAA Georgette Solid Women Dupatta,0.0
2026-04-27,SKU:PCH-1-PK,DUPHGP4VWCHQEHFS,MEHSHAA Georgette Solid Women Dupatta,0.0
2026-05-04,SKU:PCH-1-PK,DUPHGP4VWCHQEHFS,MEHSHAA Georgette Solid Women Dupatta,0.0
2026-05-11,SKU:PCH-1-PK,DUPHGP4VWCHQEHFS,MEHSHAA Georgette Solid Women Dupatta,0.0
2026-05-18,SKU:PCH-1-PK,DUPHGP4VWCHQEHFS,MEHSHAA Georgette Solid Women Dupatta,0.0
2026-05-25,SKU:PCH-1-PK,DUPHGP4VWCHQEHFS,MEHSHAA Georgette Solid Women Dupatta,0.0
2026-06-01,SKU:PCH-1-PK,DUPHGP4VWCHQEHFS,MEHSHAA Georgette Solid Women Dupatta,0.0
2026-06-08,SKU:PCH-1-PK,DUPHGP4VWCHQEHFS,MEHSHAA Georgette Solid Women Dupatta,0.0
2026-06-15,SKU:PCH-1-PK,DUPHGP4VWCHQEHFS,MEHSHAA Georgette Solid Women Dupatta,0.0
2026-06-22,SKU:PCH-1-PK,DUPHGP4VWCHQEHFS,MEHSHAA Georgette Solid Women Dupatta,0.0
2026-06-29,SKU:PCH-1-PK,DUPHGP4VWCHQEHFS,MEHSHAA Georgette Solid Women Dupatta,0.0
2026-07-06,SKU:PCH-1-PK,DUPHGP4VWCHQEHFS,MEHSHAA Georgette Solid Women Dupatta,0.0
2026-07-13,SKU:PCH-1-PK,DUPHGP4VWCHQEHFS,MEHSHAA Georgette Solid Women Dupatta,0.0
2026-07-20,SKU:PCH-1-PK,DUPHGP4VWCHQEHFS,MEHSHAA Georgette Solid Women Dupatta,0.0
2026-07-27,SKU:PCH-1-PK,DUPHGP4VWCHQEHFS,MEHSHAA Georgette Solid Women Dupatta,0.0
2026-08-03,SKU:PCH-1-PK,DUPHGP4VWCHQEHFS,MEHSHAA Georgette Solid Women Dupatta,0.0
2026-08-10,SKU:PCH-1-PK,DUPHGP4VWCHQEHFS,MEHSHAA Georgette Solid Women Dupatta,0.0
2026-08-17,SKU:PCH-1-PK,DUPHGP4VWCHQEHFS,MEHSHAA Georgette Solid Women Dupatta,0.0
2026-08-24,SKU:PCH-1-PK,DUPHGP4VWCHQEHFS,MEHSHAA Georgette Solid Women Dupatta,0.0
2026-08-31,SKU:PCH-1-PK,DUPHGP4VWCHQEHFS,MEHSHAA Georgette Solid Women Dupatta,0.0
2026-01-05,SKU:PNK-1-PK,DUPHGP4QWEXUAYPB,MEHSHAA Georgette Solid Women Dupatta,1.0
2026-01-12,SKU:PNK-1-PK,DUPHGP4QWEXUAYPB,MEHSHAA Georgette Solid Women Dupatta,2.0
2026-01-19,SKU:PNK-1-PK,DUPHGP4QWEXUAYPB,MEHSHAA Georgette Solid Women Dupatta,2.0
2026-01-26,SKU:PNK-1-PK,DUPHGP4QWEXUAYPB,MEHSHAA Georgette Solid Women Dupatta,1.0
2026-02-02,SKU:PNK-1-PK,DUPHGP4QWEXUAYPB,MEHSHAA Georgette Solid Women Dupatta,1.0
2026-02-09,SKU:PNK-1-PK,DUPHGP4QWEXUAYPB,MEHSHAA Georgette Solid Women Dupatta,0.0
2026-02-16,SKU:PNK-1-PK,DUPHGP4QWEXUAYPB,MEHSHAA Georgette Solid Women Dupatta,0.0
2026-02-23,SKU:PNK-1-PK,DUPHGP4QWEXUAYPB,MEHSHAA Georgette Solid Women Dupatta,0.0
2026-03-02,SKU:PNK-1-PK,DUPHGP4QWEXUAYPB,MEHSHAA Georgette Solid Women Dupatta,0.0
2026-03-09,SKU:PNK-1-PK,DUPHGP4QWEXUAYPB,MEHSHAA Georgette Solid Women Dupatta,0.0
2026-03-16,SKU:PNK-1-PK,DUPHGP4QWEXUAYPB,MEHSHAA Georgette Solid Women Dupatta,0.0
2026-03-23,SKU:PNK-1-PK,DUPHGP4QWEXUAYPB,MEHSHAA Georgette Solid Women Dupatta,0.0
2026-03-30,SKU:PNK-1-PK,DUPHGP4QWEXUAYPB,MEHSHAA Georgette Solid Women Dupatta,0.0
2026-04-06,SKU:PNK-1-PK,DUPHGP4QWEXUAYPB,MEHSHAA Georgette Solid Women Dupatta,0.0
2026-04-13,SKU:PNK-1-PK,DUPHGP4QWEXUAYPB,MEHSHAA Georgette Solid Women Dupatta,0.0
2026-04-20,SKU:PNK-1-PK,DUPHGP4QWEXUAYPB,MEHSHAA Georgette Solid Women Dupatta,0.0
2026-04-27,SKU:PNK-1-PK,DUPHGP4QWEXUAYPB,MEHSHAA Georgette Solid Women Dupatta,0.0
2026-05-04,SKU:PNK-1-PK,DUPHGP4QWEXUAYPB,MEHSHAA Georgette Solid Women Dupatta,0.0
2026-05-11,SKU:PNK-1-PK,DUPHGP4QWEXUAYPB,MEHSHAA Georgette Solid Women Dupatta,0.0
2026-05-18,SKU:PNK-1-PK,DUPHGP4QWEXUAYPB,MEHSHAA Georgette Solid Women Dupatta,1.0
2026-05-25,SKU:PNK-1-PK,DUPHGP4QWEXUAYPB,MEHSHAA Georgette Solid Women Dupatta,0.0
2026-06-01,SKU:PNK-1-PK,DUPHGP4QWEXUAYPB,MEHSHAA Georgette Solid Women Dupatta,0.0
2026-06-08,SKU:PNK-1-PK,DUPHGP4QWEXUAYPB,MEHSHAA Georgette Solid Women Dupatta,0.0
2026-06-15,SKU:PNK-1-PK,DUPHGP4QWEXUAYPB,MEHSHAA Georgette Solid Women Dupatta,0.0
2026-06-22,SKU:PNK-1-PK,DUPHGP4QWEXUAYPB,MEHSHAA Georgette Solid Women Dupatta,0.0
2026-06-29,SKU:PNK-1-PK,DUPHGP4QWEXUAYPB,MEHSHAA Georgette Solid Women Dupatta,0.0
2026-07-06,SKU:PNK-1-PK,DUPHGP4QWEXUAYPB,MEHSHAA Georgette Solid Women Dupatta,0.0
2026-07-13,SKU:PNK-1-PK,DUPHGP4QWEXUAYPB,MEHSHAA Georgette Solid Women Dupatta,0.0
2026-07-20,SKU:PNK-1-PK,DUPHGP4QWEXUAYPB,MEHSHAA Georgette Solid Women Dupatta,0.0
2026-07-27,SKU:PNK-1-PK,DUPHGP4QWEXUAYPB,MEHSHAA Georgette Solid Women Dupatta,1.0
2026-08-03,SKU:PNK-1-PK,DUPHGP4QWEXUAYPB,MEHSHAA Georgette Solid Women Dupatta,0.0
2026-08-10,SKU:PNK-1-PK,DUPHGP4QWEXUAYPB,MEHSHAA Georgette Solid Women Dupatta,0.0
2026-08-17,SKU:PNK-1-PK,DUPHGP4QWEXUAYPB,MEHSHAA Georgette Solid Women Dupatta,0.0
2026-08-24,SKU:PNK-1-PK,DUPHGP4QWEXUAYPB,MEHSHAA Georgette Solid Women Dupatta,0.0
2026-08-31,SKU:PNK-1-PK,DUPHGP4QWEXUAYPB,MEHSHAA Georgette Solid Women Dupatta,1.0
2026-07-27,SKU:RC-AQUASTAR-PNK,RNCHPF2FPCVP4ZWZ,Mehsha Solid Women Raincoat,2.0
2026-08-03,SKU:RC-AQUASTAR-PNK,RNCHPF2FPCVP4ZWZ,Mehsha Solid Women Raincoat,0.0
2026-08-10,SKU:RC-AQUASTAR-PNK,RNCHPF2FPCVP4ZWZ,Mehsha Solid Women Raincoat,0.0
2026-08-17,SKU:RC-AQUASTAR-PNK,RNCHPF2FPCVP4ZWZ,Mehsha Solid Women Raincoat,0.0
2026-08-24,SKU:RC-AQUASTAR-PNK,RNCHPF2FPCVP4ZWZ,Mehsha Solid Women Raincoat,0.0
2026-08-31,SKU:RC-AQUASTAR-PNK,RNCHPF2FPCVP4ZWZ,Mehsha Solid Women Raincoat,0.0
2026-07-27,SKU:RC-AQUASTAR-WHT,RNCHPF2F2RHYHYC3,Mehsha Solid Women Raincoat,1.0
2026-08-03,SKU:RC-AQUASTAR-WHT,RNCHPF2F2RHYHYC3,Mehsha Solid Women Raincoat,0.0
2026-08-10,SKU:RC-AQUASTAR-WHT,RNCHPF2F2RHYHYC3,Mehsha Solid Women Raincoat,0.0
2026-08-17,SKU:RC-AQUASTAR-WHT,RNCHPF2F2RHYHYC3,Mehsha Solid Women Raincoat,0.0
2026-08-24,SKU:RC-AQUASTAR-WHT,RNCHPF2F2RHYHYC3,Mehsha Solid Women Raincoat,0.0
2026-08-31,SKU:RC-AQUASTAR-WHT,RNCHPF2F2RHYHYC3,Mehsha Solid Women Raincoat,0.0
2026-07-20,SKU:RC-BLK-FREEDOM,RNCHPCRMBHFFNNH2,Mehsha Solid Men Rain Suit,2.0
2026-07-27,SKU:RC-BLK-FREEDOM,RNCHPCRMBHFFNNH2,Mehsha Solid Men Rain Suit,0.0
2026-08-03,SKU:RC-BLK-FREEDOM,RNCHPCRMBHFFNNH2,Mehsha Solid Men Rain Suit,0.0
2026-08-10,SKU:RC-BLK-FREEDOM,RNCHPCRMBHFFNNH2,Mehsha Solid Men Rain Suit,0.0
2026-08-17,SKU:RC-BLK-FREEDOM,RNCHPCRMBHFFNNH2,Mehsha Solid Men Rain Suit,0.0
2026-08-24,SKU:RC-BLK-FREEDOM,RNCHPCRMBHFFNNH2,Mehsha Solid Men Rain Suit,0.0
2026-08-31,SKU:RC-BLK-FREEDOM,RNCHPCRMBHFFNNH2,Mehsha Solid Men Rain Suit,0.0
2026-07-20,SKU:RC-GRY-FREEDOM-XL,RNCHPCRM9ZHS8JBK,Mehsha Solid Men Rain Suit,2.0
2026-07-27,SKU:RC-GRY-FREEDOM-XL,RNCHPCRM9ZHS8JBK,Mehsha Solid Men Rain Suit,0.0
2026-08-03,SKU:RC-GRY-FREEDOM-XL,RNCHPCRM9ZHS8JBK,Mehsha Solid Men Rain Suit,0.0
2026-08-10,SKU:RC-GRY-FREEDOM-XL,RNCHPCRM9ZHS8JBK,Mehsha Solid Men Rain Suit,0.0
2026-08-17,SKU:RC-GRY-FREEDOM-XL,RNCHPCRM9ZHS8JBK,Mehsha Solid Men Rain Suit,0.0
2026-08-24,SKU:RC-GRY-FREEDOM-XL,RNCHPCRM9ZHS8JBK,Mehsha Solid Men Rain Suit,0.0
2026-08-31,SKU:RC-GRY-FREEDOM-XL,RNCHPCRM9ZHS8JBK,Mehsha Solid Men Rain Suit,0.0
2026-07-13,SKU:RC-GRY-FREEDOM-XXL,RNCHPCRM5JRZ9KND,Mehsha Solid Men Rain Suit,1.0
2026-07-20,SKU:RC-GRY-FREEDOM-XXL,RNCHPCRM5JRZ9KND,Mehsha Solid Men Rain Suit,0.0
2026-07-27,SKU:RC-GRY-FREEDOM-XXL,RNCHPCRM5JRZ9KND,Mehsha Solid Men Rain Suit,1.0
2026-08-03,SKU:RC-GRY-FREEDOM-XXL,RNCHPCRM5JRZ9KND,Mehsha Solid Men Rain Suit,0.0
2026-08-10,SKU:RC-GRY-FREEDOM-XXL,RNCHPCRM5JRZ9KND,Mehsha Solid Men Rain Suit,0.0
2026-08-17,SKU:RC-GRY-FREEDOM-XXL,RNCHPCRM5JRZ9KND,Mehsha Solid Men Rain Suit,0.0
2026-08-24,SKU:RC-GRY-FREEDOM-XXL,RNCHPCRM5JRZ9KND,Mehsha Solid Men Rain Suit,0.0
2026-08-31,SKU:RC-GRY-FREEDOM-XXL,RNCHPCRM5JRZ9KND,Mehsha Solid Men Rain Suit,0.0
2026-07-27,SKU:RC-MRN-FREEDOM-XXL,RNCHPCRMUGCY9FMS,Mehsha Solid Men Rain Suit,1.0
2026-08-03,SKU:RC-MRN-FREEDOM-XXL,RNCHPCRMUGCY9FMS,Mehsha Solid Men Rain Suit,0.0
2026-08-10,SKU:RC-MRN-FREEDOM-XXL,RNCHPCRMUGCY9FMS,Mehsha Solid Men Rain Suit,0.0
2026-08-17,SKU:RC-MRN-FREEDOM-XXL,RNCHPCRMUGCY9FMS,Mehsha Solid Men Rain Suit,0.0
2026-08-24,SKU:RC-MRN-FREEDOM-XXL,RNCHPCRMUGCY9FMS,Mehsha Solid Men Rain Suit,0.0
2026-08-31,SKU:RC-MRN-FREEDOM-XXL,RNCHPCRMUGCY9FMS,Mehsha Solid Men Rain Suit,0.0
2026-07-27,SKU:RC-MRN-XL-FREEDOM,RNCHPCRMV9REGPSU,Mehsha Solid Men Rain Suit,2.0
2026-08-03,SKU:RC-MRN-XL-FREEDOM,RNCHPCRMV9REGPSU,Mehsha Solid Men Rain Suit,0.0
2026-08-10,SKU:RC-MRN-XL-FREEDOM,RNCHPCRMV9REGPSU,Mehsha Solid Men Rain Suit,0.0
2026-08-17,SKU:RC-MRN-XL-FREEDOM,RNCHPCRMV9REGPSU,Mehsha Solid Men Rain Suit,0.0
2026-08-24,SKU:RC-MRN-XL-FREEDOM,RNCHPCRMV9REGPSU,Mehsha Solid Men Rain Suit,0.0
2026-08-31,SKU:RC-MRN-XL-FREEDOM,RNCHPCRMV9REGPSU,Mehsha Solid Men Rain Suit,0.0
2026-07-27,SKU:RC-WINGS-BLU,RNCHPH7BXG7CH2RC,Mehsha Checkered Men Rain Suit,1.0
2026-08-03,SKU:RC-WINGS-BLU,RNCHPH7BXG7CH2RC,Mehsha Checkered Men Rain Suit,0.0
2026-08-10,SKU:RC-WINGS-BLU,RNCHPH7BXG7CH2RC,Mehsha Checkered Men Rain Suit,0.0
2026-08-17,SKU:RC-WINGS-BLU,RNCHPH7BXG7CH2RC,Mehsha Checkered Men Rain Suit,0.0
2026-08-24,SKU:RC-WINGS-BLU,RNCHPH7BXG7CH2RC,Mehsha Checkered Men Rain Suit,0.0
2026-08-31,SKU:RC-WINGS-BLU,RNCHPH7BXG7CH2RC,Mehsha Checkered Men Rain Suit,0.0
2026-08-03,SKU:RC-WINGS-GRN,RNCHPH7BE2DTYYUB,Mehsha Checkered Men Rain Suit,1.0
2026-08-10,SKU:RC-WINGS-GRN,RNCHPH7BE2DTYYUB,Mehsha Checkered Men Rain Suit,0.0
2026-08-17,SKU:RC-WINGS-GRN,RNCHPH7BE2DTYYUB,Mehsha Checkered Men Rain Suit,0.0
2026-08-24,SKU:RC-WINGS-GRN,RNCHPH7BE2DTYYUB,Mehsha Checkered Men Rain Suit,0.0
2026-08-31,SKU:RC-WINGS-GRN,RNCHPH7BE2DTYYUB,Mehsha Checkered Men Rain Suit,0.0
2026-08-03,SKU:RC-WINGS-GRY,RNCHPH7BZHEHQ6XH,Mehsha Checkered Men Rain Suit,2.0
2026-08-10,SKU:RC-WINGS-GRY,RNCHPH7BZHEHQ6XH,Mehsha Checkered Men Rain Suit,0.0
2026-08-17,SKU:RC-WINGS-GRY,RNCHPH7BZHEHQ6XH,Mehsha Checkered Men Rain Suit,0.0
2026-08-24,SKU:RC-WINGS-GRY,RNCHPH7BZHEHQ6XH,Mehsha Checkered Men Rain Suit,0.0
2026-08-31,SKU:RC-WINGS-GRY,RNCHPH7BZHEHQ6XH,Mehsha Checkered Men Rain Suit,0.0
2026-04-13,SKU:RD-PK2,DUPHHKKBPXBCKFWR,Mehsha Georgette Solid Women Dupatta,1.0
2026-04-20,SKU:RD-PK2,DUPHHKKBPXBCKFWR,Mehsha Georgette Solid Women Dupatta,1.0
2026-04-27,SKU:RD-PK2,DUPHHKKBPXBCKFWR,Mehsha Georgette Solid Women Dupatta,0.0
2026-05-04,SKU:RD-PK2,DUPHHKKBPXBCKFWR,Mehsha Georgette Solid Women Dupatta,2.0
2026-05-11,SKU:RD-PK2,DUPHHKKBPXBCKFWR,Mehsha Georgette Solid Women Dupatta,0.0
2026-05-18,SKU:RD-PK2,DUPHHKKBPXBCKFWR,Mehsha Georgette Solid Women Dupatta,0.0
2026-05-25,SKU:RD-PK2,DUPHHKKBPXBCKFWR,Mehsha Georgette Solid Women Dupatta,0.0
2026-06-01,SKU:RD-PK2,DUPHHKKBPXBCKFWR,Mehsha Georgette Solid Women Dupatta,0.0
2026-06-08,SKU:RD-PK2,DUPHHKKBPXBCKFWR,Mehsha Georgette Solid Women Dupatta,0.0
2026-06-15,SKU:RD-PK2,DUPHHKKBPXBCKFWR,Mehsha Georgette Solid Women Dupatta,0.0
2026-06-22,SKU:RD-PK2,DUPHHKKBPXBCKFWR,Mehsha Georgette Solid Women Dupatta,0.0
2026-06-29,SKU:RD-PK2,DUPHHKKBPXBCKFWR,Mehsha Georgette Solid Women Dupatta,0.0
2026-07-06,SKU:RD-PK2,DUPHHKKBPXBCKFWR,Mehsha Georgette Solid Women Dupatta,0.0
2026-07-13,SKU:RD-PK2,DUPHHKKBPXBCKFWR,Mehsha Georgette Solid Women Dupatta,0.0
2026-07-20,SKU:RD-PK2,DUPHHKKBPXBCKFWR,Mehsha Georgette Solid Women Dupatta,0.0
2026-07-27,SKU:RD-PK2,DUPHHKKBPXBCKFWR,Mehsha Georgette Solid Women Dupatta,0.0
2026-08-03,SKU:RD-PK2,DUPHHKKBPXBCKFWR,Mehsha Georgette Solid Women Dupatta,0.0
2026-08-10,SKU:RD-PK2,DUPHHKKBPXBCKFWR,Mehsha Georgette Solid Women Dupatta,0.0
2026-08-17,SKU:RD-PK2,DUPHHKKBPXBCKFWR,Mehsha Georgette Solid Women Dupatta,0.0
2026-08-24,SKU:RD-PK2,DUPHHKKBPXBCKFWR,Mehsha Georgette Solid Women Dupatta,0.0
2026-08-31,SKU:RD-PK2,DUPHHKKBPXBCKFWR,Mehsha Georgette Solid Women Dupatta,0.0
2026-01-12,SKU:RED-1PK,DUPHGP68GSXFQURD,Mehsha Chiffon Solid Women Dupatta,1.0
2026-01-19,SKU:RED-1PK,DUPHGP68GSXFQURD,Mehsha Chiffon Solid Women Dupatta,0.0
2026-01-26,SKU:RED-1PK,DUPHGP68GSXFQURD,Mehsha Chiffon Solid Women Dupatta,0.0
2026-02-02,SKU:RED-1PK,DUPHGP68GSXFQURD,Mehsha Chiffon Solid Women Dupatta,0.0
2026-02-09,SKU:RED-1PK,DUPHGP68GSXFQURD,Mehsha Chiffon Solid Women Dupatta,0.0
2026-02-16,SKU:RED-1PK,DUPHGP68GSXFQURD,Mehsha Chiffon Solid Women Dupatta,0.0
2026-02-23,SKU:RED-1PK,DUPHGP68GSXFQURD,Mehsha Chiffon Solid Women Dupatta,0.0
2026-03-02,SKU:RED-1PK,DUPHGP68GSXFQURD,Mehsha Chiffon Solid Women Dupatta,0.0
2026-03-09,SKU:RED-1PK,DUPHGP68GSXFQURD,Mehsha Chiffon Solid Women Dupatta,1.0
2026-03-16,SKU:RED-1PK,DUPHGP68GSXFQURD,Mehsha Chiffon Solid Women Dupatta,0.0
2026-03-23,SKU:RED-1PK,DUPHGP68GSXFQURD,Mehsha Chiffon Solid Women Dupatta,1.0
2026-03-30,SKU:RED-1PK,DUPHGP68GSXFQURD,Mehsha Chiffon Solid Women Dupatta,2.0
2026-04-06,SKU:RED-1PK,DUPHGP68GSXFQURD,Mehsha Chiffon Solid Women Dupatta,0.0
2026-04-13,SKU:RED-1PK,DUPHGP68GSXFQURD,Mehsha Chiffon Solid Women Dupatta,1.0
2026-04-20,SKU:RED-1PK,DUPHGP68GSXFQURD,Mehsha Chiffon Solid Women Dupatta,0.0
2026-04-27,SKU:RED-1PK,DUPHGP68GSXFQURD,Mehsha Chiffon Solid Women Dupatta,2.0
2026-05-04,SKU:RED-1PK,DUPHGP68GSXFQURD,Mehsha Chiffon Solid Women Dupatta,0.0
2026-05-11,SKU:RED-1PK,DUPHGP68GSXFQURD,Mehsha Chiffon Solid Women Dupatta,1.0
2026-05-18,SKU:RED-1PK,DUPHGP68GSXFQURD,Mehsha Chiffon Solid Women Dupatta,0.0
2026-05-25,SKU:RED-1PK,DUPHGP68GSXFQURD,Mehsha Chiffon Solid Women Dupatta,0.0
2026-06-01,SKU:RED-1PK,DUPHGP68GSXFQURD,Mehsha Chiffon Solid Women Dupatta,0.0
2026-06-08,SKU:RED-1PK,DUPHGP68GSXFQURD,Mehsha Chiffon Solid Women Dupatta,0.0
2026-06-15,SKU:RED-1PK,DUPHGP68GSXFQURD,Mehsha Chiffon Solid Women Dupatta,0.0
2026-06-22,SKU:RED-1PK,DUPHGP68GSXFQURD,Mehsha Chiffon Solid Women Dupatta,0.0
2026-06-29,SKU:RED-1PK,DUPHGP68GSXFQURD,Mehsha Chiffon Solid Women Dupatta,0.0
2026-07-06,SKU:RED-1PK,DUPHGP68GSXFQURD,Mehsha Chiffon Solid Women Dupatta,0.0
2026-07-13,SKU:RED-1PK,DUPHGP68GSXFQURD,Mehsha Chiffon Solid Women Dupatta,1.0
2026-07-20,SKU:RED-1PK,DUPHGP68GSXFQURD,Mehsha Chiffon Solid Women Dupatta,0.0
2026-07-27,SKU:RED-1PK,DUPHGP68GSXFQURD,Mehsha Chiffon Solid Women Dupatta,0.0
2026-08-03,SKU:RED-1PK,DUPHGP68GSXFQURD,Mehsha Chiffon Solid Women Dupatta,0.0
2026-08-10,SKU:RED-1PK,DUPHGP68GSXFQURD,Mehsha Chiffon Solid Women Dupatta,1.0
2026-08-17,SKU:RED-1PK,DUPHGP68GSXFQURD,Mehsha Chiffon Solid Women Dupatta,0.0
2026-08-24,SKU:RED-1PK,DUPHGP68GSXFQURD,Mehsha Chiffon Solid Women Dupatta,0.0
2026-08-31,SKU:RED-1PK,DUPHGP68GSXFQURD,Mehsha Chiffon Solid Women Dupatta,0.0
2025-12-29,SKU:RED-3-PK,DUPHGP6DGZPHCZJT,Mehsha Georgette Solid Women Dupatta,1.0
2026-01-05,SKU:RED-3-PK,DUPHGP6DGZPHCZJT,Mehsha Georgette Solid Women Dupatta,0.0
2026-01-12,SKU:RED-3-PK,DUPHGP6DGZPHCZJT,Mehsha Georgette Solid Women Dupatta,0.0
2026-01-19,SKU:RED-3-PK,DUPHGP6DGZPHCZJT,Mehsha Georgette Solid Women Dupatta,0.0
2026-01-26,SKU:RED-3-PK,DUPHGP6DGZPHCZJT,Mehsha Georgette Solid Women Dupatta,0.0
2026-02-02,SKU:RED-3-PK,DUPHGP6DGZPHCZJT,Mehsha Georgette Solid Women Dupatta,0.0
2026-02-09,SKU:RED-3-PK,DUPHGP6DGZPHCZJT,Mehsha Georgette Solid Women Dupatta,0.0
2026-02-16,SKU:RED-3-PK,DUPHGP6DGZPHCZJT,Mehsha Georgette Solid Women Dupatta,0.0
2026-02-23,SKU:RED-3-PK,DUPHGP6DGZPHCZJT,Mehsha Georgette Solid Women Dupatta,0.0
2026-03-02,SKU:RED-3-PK,DUPHGP6DGZPHCZJT,Mehsha Georgette Solid Women Dupatta,0.0
2026-03-09,SKU:RED-3-PK,DUPHGP6DGZPHCZJT,Mehsha Georgette Solid Women Dupatta,0.0
2026-03-16,SKU:RED-3-PK,DUPHGP6DGZPHCZJT,Mehsha Georgette Solid Women Dupatta,0.0
2026-03-23,SKU:RED-3-PK,DUPHGP6DGZPHCZJT,Mehsha Georgette Solid Women Dupatta,0.0
2026-03-30,SKU:RED-3-PK,DUPHGP6DGZPHCZJT,Mehsha Georgette Solid Women Dupatta,0.0
2026-04-06,SKU:RED-3-PK,DUPHGP6DGZPHCZJT,Mehsha Georgette Solid Women Dupatta,0.0
2026-04-13,SKU:RED-3-PK,DUPHGP6DGZPHCZJT,Mehsha Georgette Solid Women Dupatta,0.0
2026-04-20,SKU:RED-3-PK,DUPHGP6DGZPHCZJT,Mehsha Georgette Solid Women Dupatta,0.0
2026-04-27,SKU:RED-3-PK,DUPHGP6DGZPHCZJT,Mehsha Georgette Solid Women Dupatta,0.0
2026-05-04,SKU:RED-3-PK,DUPHGP6DGZPHCZJT,Mehsha Georgette Solid Women Dupatta,0.0
2026-05-11,SKU:RED-3-PK,DUPHGP6DGZPHCZJT,Mehsha Georgette Solid Women Dupatta,0.0
2026-05-18,SKU:RED-3-PK,DUPHGP6DGZPHCZJT,Mehsha Georgette Solid Women Dupatta,0.0
2026-05-25,SKU:RED-3-PK,DUPHGP6DGZPHCZJT,Mehsha Georgette Solid Women Dupatta,0.0
2026-06-01,SKU:RED-3-PK,DUPHGP6DGZPHCZJT,Mehsha Georgette Solid Women Dupatta,0.0
2026-06-08,SKU:RED-3-PK,DUPHGP6DGZPHCZJT,Mehsha Georgette Solid Women Dupatta,0.0
2026-06-15,SKU:RED-3-PK,DUPHGP6DGZPHCZJT,Mehsha Georgette Solid Women Dupatta,0.0
2026-06-22,SKU:RED-3-PK,DUPHGP6DGZPHCZJT,Mehsha Georgette Solid Women Dupatta,0.0
2026-06-29,SKU:RED-3-PK,DUPHGP6DGZPHCZJT,Mehsha Georgette Solid Women Dupatta,0.0
2026-07-06,SKU:RED-3-PK,DUPHGP6DGZPHCZJT,Mehsha Georgette Solid Women Dupatta,0.0
2026-07-13,SKU:RED-3-PK,DUPHGP6DGZPHCZJT,Mehsha Georgette Solid Women Dupatta,0.0
2026-07-20,SKU:RED-3-PK,DUPHGP6DGZPHCZJT,Mehsha Georgette Solid Women Dupatta,0.0
2026-07-27,SKU:RED-3-PK,DUPHGP6DGZPHCZJT,Mehsha Georgette Solid Women Dupatta,0.0
2026-08-03,SKU:RED-3-PK,DUPHGP6DGZPHCZJT,Mehsha Georgette Solid Women Dupatta,0.0
2026-08-10,SKU:RED-3-PK,DUPHGP6DGZPHCZJT,Mehsha Georgette Solid Women Dupatta,0.0
2026-08-17,SKU:RED-3-PK,DUPHGP6DGZPHCZJT,Mehsha Georgette Solid Women Dupatta,0.0
2026-08-24,SKU:RED-3-PK,DUPHGP6DGZPHCZJT,Mehsha Georgette Solid Women Dupatta,0.0
2026-08-31,SKU:RED-3-PK,DUPHGP6DGZPHCZJT,Mehsha Georgette Solid Women Dupatta,0.0
2026-05-04,SKU:RED-NVY-PK2,DUPHHJE7BXZTKSAT,Mehsha Georgette Solid Women Dupatta,1.0
2026-05-11,SKU:RED-NVY-PK2,DUPHHJE7BXZTKSAT,Mehsha Georgette Solid Women Dupatta,0.0
2026-05-18,SKU:RED-NVY-PK2,DUPHHJE7BXZTKSAT,Mehsha Georgette Solid Women Dupatta,0.0
2026-05-25,SKU:RED-NVY-PK2,DUPHHJE7BXZTKSAT,Mehsha Georgette Solid Women Dupatta,0.0
2026-06-01,SKU:RED-NVY-PK2,DUPHHJE7BXZTKSAT,Mehsha Georgette Solid Women Dupatta,0.0
2026-06-08,SKU:RED-NVY-PK2,DUPHHJE7BXZTKSAT,Mehsha Georgette Solid Women Dupatta,0.0
2026-06-15,SKU:RED-NVY-PK2,DUPHHJE7BXZTKSAT,Mehsha Georgette Solid Women Dupatta,0.0
2026-06-22,SKU:RED-NVY-PK2,DUPHHJE7BXZTKSAT,Mehsha Georgette Solid Women Dupatta,0.0
2026-06-29,SKU:RED-NVY-PK2,DUPHHJE7BXZTKSAT,Mehsha Georgette Solid Women Dupatta,0.0
2026-07-06,SKU:RED-NVY-PK2,DUPHHJE7BXZTKSAT,Mehsha Georgette Solid Women Dupatta,0.0
2026-07-13,SKU:RED-NVY-PK2,DUPHHJE7BXZTKSAT,Mehsha Georgette Solid Women Dupatta,0.0
2026-07-20,SKU:RED-NVY-PK2,DUPHHJE7BXZTKSAT,Mehsha Georgette Solid Women Dupatta,0.0
2026-07-27,SKU:RED-NVY-PK2,DUPHHJE7BXZTKSAT,Mehsha Georgette Solid Women Dupatta,0.0
2026-08-03,SKU:RED-NVY-PK2,DUPHHJE7BXZTKSAT,Mehsha Georgette Solid Women Dupatta,0.0
2026-08-10,SKU:RED-NVY-PK2,DUPHHJE7BXZTKSAT,Mehsha Georgette Solid Women Dupatta,0.0
2026-08-17,SKU:RED-NVY-PK2,DUPHHJE7BXZTKSAT,Mehsha Georgette Solid Women Dupatta,0.0
2026-08-24,SKU:RED-NVY-PK2,DUPHHJE7BXZTKSAT,Mehsha Georgette Solid Women Dupatta,0.0
2026-08-31,SKU:RED-NVY-PK2,DUPHHJE7BXZTKSAT,Mehsha Georgette Solid Women Dupatta,0.0
2026-03-30,SKU:ST-CRM-1PK,DUPHHD5EFQ4XWQKD,Mehsha Georgette Solid Women Dupatta,1.0
2026-04-06,SKU:ST-CRM-1PK,DUPHHD5EFQ4XWQKD,Mehsha Georgette Solid Women Dupatta,0.0
2026-04-13,SKU:ST-CRM-1PK,DUPHHD5EFQ4XWQKD,Mehsha Georgette Solid Women Dupatta,0.0
2026-04-20,SKU:ST-CRM-1PK,DUPHHD5EFQ4XWQKD,Mehsha Georgette Solid Women Dupatta,0.0
2026-04-27,SKU:ST-CRM-1PK,DUPHHD5EFQ4XWQKD,Mehsha Georgette Solid Women Dupatta,0.0
2026-05-04,SKU:ST-CRM-1PK,DUPHHD5EFQ4XWQKD,Mehsha Georgette Solid Women Dupatta,0.0
2026-05-11,SKU:ST-CRM-1PK,DUPHHD5EFQ4XWQKD,Mehsha Georgette Solid Women Dupatta,0.0
2026-05-18,SKU:ST-CRM-1PK,DUPHHD5EFQ4XWQKD,Mehsha Georgette Solid Women Dupatta,0.0
2026-05-25,SKU:ST-CRM-1PK,DUPHHD5EFQ4XWQKD,Mehsha Georgette Solid Women Dupatta,0.0
2026-06-01,SKU:ST-CRM-1PK,DUPHHD5EFQ4XWQKD,Mehsha Georgette Solid Women Dupatta,0.0
2026-06-08,SKU:ST-CRM-1PK,DUPHHD5EFQ4XWQKD,Mehsha Georgette Solid Women Dupatta,0.0
2026-06-15,SKU:ST-CRM-1PK,DUPHHD5EFQ4XWQKD,Mehsha Georgette Solid Women Dupatta,0.0
2026-06-22,SKU:ST-CRM-1PK,DUPHHD5EFQ4XWQKD,Mehsha Georgette Solid Women Dupatta,1.0
2026-06-29,SKU:ST-CRM-1PK,DUPHHD5EFQ4XWQKD,Mehsha Georgette Solid Women Dupatta,0.0
2026-07-06,SKU:ST-CRM-1PK,DUPHHD5EFQ4XWQKD,Mehsha Georgette Solid Women Dupatta,0.0
2026-07-13,SKU:ST-CRM-1PK,DUPHHD5EFQ4XWQKD,Mehsha Georgette Solid Women Dupatta,3.0
2026-07-20,SKU:ST-CRM-1PK,DUPHHD5EFQ4XWQKD,Mehsha Georgette Solid Women Dupatta,3.0
2026-07-27,SKU:ST-CRM-1PK,DUPHHD5EFQ4XWQKD,Mehsha Georgette Solid Women Dupatta,1.0
2026-08-03,SKU:ST-CRM-1PK,DUPHHD5EFQ4XWQKD,Mehsha Georgette Solid Women Dupatta,4.0
2026-08-10,SKU:ST-CRM-1PK,DUPHHD5EFQ4XWQKD,Mehsha Georgette Solid Women Dupatta,4.0
2026-08-17,SKU:ST-CRM-1PK,DUPHHD5EFQ4XWQKD,Mehsha Georgette Solid Women Dupatta,9.0
2026-08-24,SKU:ST-CRM-1PK,DUPHHD5EFQ4XWQKD,Mehsha Georgette Solid Women Dupatta,10.0
2026-08-31,SKU:ST-CRM-1PK,DUPHHD5EFQ4XWQKD,Mehsha Georgette Solid Women Dupatta,1.0
2026-07-20,SKU:ST-GRN-1PK,DUPHHD5EC3JZHFWZ,Mehsha Georgette Solid Women Dupatta,1.0
2026-07-27,SKU:ST-GRN-1PK,DUPHHD5EC3JZHFWZ,Mehsha Georgette Solid Women Dupatta,0.0
2026-08-03,SKU:ST-GRN-1PK,DUPHHD5EC3JZHFWZ,Mehsha Georgette Solid Women Dupatta,0.0
2026-08-10,SKU:ST-GRN-1PK,DUPHHD5EC3JZHFWZ,Mehsha Georgette Solid Women Dupatta,0.0
2026-08-17,SKU:ST-GRN-1PK,DUPHHD5EC3JZHFWZ,Mehsha Georgette Solid Women Dupatta,0.0
2026-08-24,SKU:ST-GRN-1PK,DUPHHD5EC3JZHFWZ,Mehsha Georgette Solid Women Dupatta,0.0
2026-08-31,SKU:ST-GRN-1PK,DUPHHD5EC3JZHFWZ,Mehsha Georgette Solid Women Dupatta,0.0
2026-07-13,SKU:ST-GRY-1PK,DUPHHD5EWFSRZ7GM,Mehsha Georgette Solid Women Dupatta,1.0
2026-07-20,SKU:ST-GRY-1PK,DUPHHD5EWFSRZ7GM,Mehsha Georgette Solid Women Dupatta,0.0
2026-07-27,SKU:ST-GRY-1PK,DUPHHD5EWFSRZ7GM,Mehsha Georgette Solid Women Dupatta,1.0
2026-08-03,SKU:ST-GRY-1PK,DUPHHD5EWFSRZ7GM,Mehsha Georgette Solid Women Dupatta,0.0
2026-08-10,SKU:ST-GRY-1PK,DUPHHD5EWFSRZ7GM,Mehsha Georgette Solid Women Dupatta,0.0
2026-08-17,SKU:ST-GRY-1PK,DUPHHD5EWFSRZ7GM,Mehsha Georgette Solid Women Dupatta,0.0
2026-08-24,SKU:ST-GRY-1PK,DUPHHD5EWFSRZ7GM,Mehsha Georgette Solid Women Dupatta,0.0
2026-08-31,SKU:ST-GRY-1PK,DUPHHD5EWFSRZ7GM,Mehsha Georgette Solid Women Dupatta,0.0
2026-07-13,SKU:ST-LVN-1PK,DUPHHD5EYSJDGCTM,Mehsha Georgette Solid Women Dupatta,1.0
2026-07-20,SKU:ST-LVN-1PK,DUPHHD5EYSJDGCTM,Mehsha Georgette Solid Women Dupatta,0.0
2026-07-27,SKU:ST-LVN-1PK,DUPHHD5EYSJDGCTM,Mehsha Georgette Solid Women Dupatta,0.0
2026-08-03,SKU:ST-LVN-1PK,DUPHHD5EYSJDGCTM,Mehsha Georgette Solid Women Dupatta,0.0
2026-08-10,SKU:ST-LVN-1PK,DUPHHD5EYSJDGCTM,Mehsha Georgette Solid Women Dupatta,0.0
2026-08-17,SKU:ST-LVN-1PK,DUPHHD5EYSJDGCTM,Mehsha Georgette Solid Women Dupatta,4.0
2026-08-24,SKU:ST-LVN-1PK,DUPHHD5EYSJDGCTM,Mehsha Georgette Solid Women Dupatta,3.0
2026-08-31,SKU:ST-LVN-1PK,DUPHHD5EYSJDGCTM,Mehsha Georgette Solid Women Dupatta,2.0
2026-05-18,SKU:ST-MP-BLK-GRY-CRM-3PK,SCFHGKBGAGYAYPHR,arina Solid Georgette Women Stole,1.0
2026-05-25,SKU:ST-MP-BLK-GRY-CRM-3PK,SCFHGKBGAGYAYPHR,arina Solid Georgette Women Stole,0.0
2026-06-01,SKU:ST-MP-BLK-GRY-CRM-3PK,SCFHGKBGAGYAYPHR,arina Solid Georgette Women Stole,0.0
2026-06-08,SKU:ST-MP-BLK-GRY-CRM-3PK,SCFHGKBGAGYAYPHR,arina Solid Georgette Women Stole,0.0
2026-06-15,SKU:ST-MP-BLK-GRY-CRM-3PK,SCFHGKBGAGYAYPHR,arina Solid Georgette Women Stole,0.0
2026-06-22,SKU:ST-MP-BLK-GRY-CRM-3PK,SCFHGKBGAGYAYPHR,arina Solid Georgette Women Stole,1.0
2026-06-29,SKU:ST-MP-BLK-GRY-CRM-3PK,SCFHGKBGAGYAYPHR,arina Solid Georgette Women Stole,1.0
2026-07-06,SKU:ST-MP-BLK-GRY-CRM-3PK,SCFHGKBGAGYAYPHR,arina Solid Georgette Women Stole,0.0
2026-07-13,SKU:ST-MP-BLK-GRY-CRM-3PK,SCFHGKBGAGYAYPHR,arina Solid Georgette Women Stole,0.0
2026-07-20,SKU:ST-MP-BLK-GRY-CRM-3PK,SCFHGKBGAGYAYPHR,arina Solid Georgette Women Stole,0.0
2026-07-27,SKU:ST-MP-BLK-GRY-CRM-3PK,SCFHGKBGAGYAYPHR,arina Solid Georgette Women Stole,0.0
2026-08-03,SKU:ST-MP-BLK-GRY-CRM-3PK,SCFHGKBGAGYAYPHR,arina Solid Georgette Women Stole,0.0
2026-08-10,SKU:ST-MP-BLK-GRY-CRM-3PK,SCFHGKBGAGYAYPHR,arina Solid Georgette Women Stole,1.0
2026-08-17,SKU:ST-MP-BLK-GRY-CRM-3PK,SCFHGKBGAGYAYPHR,arina Solid Georgette Women Stole,1.0
2026-08-24,SKU:ST-MP-BLK-GRY-CRM-3PK,SCFHGKBGAGYAYPHR,arina Solid Georgette Women Stole,3.0
2026-08-31,SKU:ST-MP-BLK-GRY-CRM-3PK,SCFHGKBGAGYAYPHR,arina Solid Georgette Women Stole,1.0
2026-07-13,SKU:ST-MP-GRN-1PK,SCFH8Z7QAYH6QNPY,AyezaHijab Solid Chiffon  Georgette Women Scarf  Fancy Scarf  Stole,2.0
2026-07-20,SKU:ST-MP-GRN-1PK,SCFH8Z7QAYH6QNPY,AyezaHijab Solid Chiffon  Georgette Women Scarf  Fancy Scarf  Stole,1.0
2026-07-27,SKU:ST-MP-GRN-1PK,SCFH8Z7QAYH6QNPY,AyezaHijab Solid Chiffon  Georgette Women Scarf  Fancy Scarf  Stole,0.0
2026-08-03,SKU:ST-MP-GRN-1PK,SCFH8Z7QAYH6QNPY,AyezaHijab Solid Chiffon  Georgette Women Scarf  Fancy Scarf  Stole,0.0
2026-08-10,SKU:ST-MP-GRN-1PK,SCFH8Z7QAYH6QNPY,AyezaHijab Solid Chiffon  Georgette Women Scarf  Fancy Scarf  Stole,0.0
2026-08-17,SKU:ST-MP-GRN-1PK,SCFH8Z7QAYH6QNPY,AyezaHijab Solid Chiffon  Georgette Women Scarf  Fancy Scarf  Stole,2.0
2026-08-24,SKU:ST-MP-GRN-1PK,SCFH8Z7QAYH6QNPY,AyezaHijab Solid Chiffon  Georgette Women Scarf  Fancy Scarf  Stole,0.0
2026-08-31,SKU:ST-MP-GRN-1PK,SCFH8Z7QAYH6QNPY,AyezaHijab Solid Chiffon  Georgette Women Scarf  Fancy Scarf  Stole,1.0
2026-07-13,SKU:ST-MP-GRY-1PK,SCFHJFV6ZM3VHDXH,Habibisfashion Solid Georgette Women Faux Turtleneck Neck Cover  Scarf  Bluetooth Scarf  Fancy Scarf,1.0
2026-07-20,SKU:ST-MP-GRY-1PK,SCFHJFV6ZM3VHDXH,Habibisfashion Solid Georgette Women Faux Turtleneck Neck Cover  Scarf  Bluetooth Scarf  Fancy Scarf,1.0
2026-07-27,SKU:ST-MP-GRY-1PK,SCFHJFV6ZM3VHDXH,Habibisfashion Solid Georgette Women Faux Turtleneck Neck Cover  Scarf  Bluetooth Scarf  Fancy Scarf,4.0
2026-08-03,SKU:ST-MP-GRY-1PK,SCFHJFV6ZM3VHDXH,Habibisfashion Solid Georgette Women Faux Turtleneck Neck Cover  Scarf  Bluetooth Scarf  Fancy Scarf,0.0
2026-08-10,SKU:ST-MP-GRY-1PK,SCFHJFV6ZM3VHDXH,Habibisfashion Solid Georgette Women Faux Turtleneck Neck Cover  Scarf  Bluetooth Scarf  Fancy Scarf,2.0
2026-08-17,SKU:ST-MP-GRY-1PK,SCFHJFV6ZM3VHDXH,Habibisfashion Solid Georgette Women Faux Turtleneck Neck Cover  Scarf  Bluetooth Scarf  Fancy Scarf,2.0
2026-08-24,SKU:ST-MP-GRY-1PK,SCFHJFV6ZM3VHDXH,Habibisfashion Solid Georgette Women Faux Turtleneck Neck Cover  Scarf  Bluetooth Scarf  Fancy Scarf,4.0
2026-08-31,SKU:ST-MP-GRY-1PK,SCFHJFV6ZM3VHDXH,Habibisfashion Solid Georgette Women Faux Turtleneck Neck Cover  Scarf  Bluetooth Scarf  Fancy Scarf,2.0
2026-05-18,SKU:ST-MP-NVY-1-PK,SCFHJF7HPAJ2S8VT,Habibisfashion Solid Georgette  Chiffon Women Faux Turtleneck Neck Cover  Scarf  Bluetooth Scarf  Fancy Scarf  Stole,1.0
2026-05-25,SKU:ST-MP-NVY-1-PK,SCFHJF7HPAJ2S8VT,Habibisfashion Solid Georgette  Chiffon Women Faux Turtleneck Neck Cover  Scarf  Bluetooth Scarf  Fancy Scarf  Stole,0.0
2026-06-01,SKU:ST-MP-NVY-1-PK,SCFHJF7HPAJ2S8VT,Habibisfashion Solid Georgette  Chiffon Women Faux Turtleneck Neck Cover  Scarf  Bluetooth Scarf  Fancy Scarf  Stole,0.0
2026-06-08,SKU:ST-MP-NVY-1-PK,SCFHJF7HPAJ2S8VT,Habibisfashion Solid Georgette  Chiffon Women Faux Turtleneck Neck Cover  Scarf  Bluetooth Scarf  Fancy Scarf  Stole,0.0
2026-06-15,SKU:ST-MP-NVY-1-PK,SCFHJF7HPAJ2S8VT,Habibisfashion Solid Georgette  Chiffon Women Faux Turtleneck Neck Cover  Scarf  Bluetooth Scarf  Fancy Scarf  Stole,0.0
2026-06-22,SKU:ST-MP-NVY-1-PK,SCFHJF7HPAJ2S8VT,Habibisfashion Solid Georgette  Chiffon Women Faux Turtleneck Neck Cover  Scarf  Bluetooth Scarf  Fancy Scarf  Stole,0.0
2026-06-29,SKU:ST-MP-NVY-1-PK,SCFHJF7HPAJ2S8VT,Habibisfashion Solid Georgette  Chiffon Women Faux Turtleneck Neck Cover  Scarf  Bluetooth Scarf  Fancy Scarf  Stole,0.0
2026-07-06,SKU:ST-MP-NVY-1-PK,SCFHJF7HPAJ2S8VT,Habibisfashion Solid Georgette  Chiffon Women Faux Turtleneck Neck Cover  Scarf  Bluetooth Scarf  Fancy Scarf  Stole,0.0
2026-07-13,SKU:ST-MP-NVY-1-PK,SCFHJF7HPAJ2S8VT,Habibisfashion Solid Georgette  Chiffon Women Faux Turtleneck Neck Cover  Scarf  Bluetooth Scarf  Fancy Scarf  Stole,0.0
2026-07-20,SKU:ST-MP-NVY-1-PK,SCFHJF7HPAJ2S8VT,Habibisfashion Solid Georgette  Chiffon Women Faux Turtleneck Neck Cover  Scarf  Bluetooth Scarf  Fancy Scarf  Stole,0.0
2026-07-27,SKU:ST-MP-NVY-1-PK,SCFHJF7HPAJ2S8VT,Habibisfashion Solid Georgette  Chiffon Women Faux Turtleneck Neck Cover  Scarf  Bluetooth Scarf  Fancy Scarf  Stole,0.0
2026-08-03,SKU:ST-MP-NVY-1-PK,SCFHJF7HPAJ2S8VT,Habibisfashion Solid Georgette  Chiffon Women Faux Turtleneck Neck Cover  Scarf  Bluetooth Scarf  Fancy Scarf  Stole,0.0
2026-08-10,SKU:ST-MP-NVY-1-PK,SCFHJF7HPAJ2S8VT,Habibisfashion Solid Georgette  Chiffon Women Faux Turtleneck Neck Cover  Scarf  Bluetooth Scarf  Fancy Scarf  Stole,0.0
2026-08-17,SKU:ST-MP-NVY-1-PK,SCFHJF7HPAJ2S8VT,Habibisfashion Solid Georgette  Chiffon Women Faux Turtleneck Neck Cover  Scarf  Bluetooth Scarf  Fancy Scarf  Stole,1.0
2026-08-24,SKU:ST-MP-NVY-1-PK,SCFHJF7HPAJ2S8VT,Habibisfashion Solid Georgette  Chiffon Women Faux Turtleneck Neck Cover  Scarf  Bluetooth Scarf  Fancy Scarf  Stole,0.0
2026-08-31,SKU:ST-MP-NVY-1-PK,SCFHJF7HPAJ2S8VT,Habibisfashion Solid Georgette  Chiffon Women Faux Turtleneck Neck Cover  Scarf  Bluetooth Scarf  Fancy Scarf  Stole,0.0
2026-08-24,SKU:ST-MP-NVY-1PK,SCFGWYYFNE63RG4Y,SAVAARA Solid Georgette Women Fancy Scarf  Stole  Scarf,3.0
2026-08-31,SKU:ST-MP-NVY-1PK,SCFGWYYFNE63RG4Y,SAVAARA Solid Georgette Women Fancy Scarf  Stole  Scarf,0.0
2026-06-22,SKU:ST-MP-PCH-1PK,SCFHFJJ2EH5FBFFC,Habibisfashion Solid Chiffon  Georgette Women Faux Turtleneck Neck Cover  Scarf  Bluetooth Scarf  Fancy Scarf  Stole,1.0
2026-06-29,SKU:ST-MP-PCH-1PK,SCFHFJJ2EH5FBFFC,Habibisfashion Solid Chiffon  Georgette Women Faux Turtleneck Neck Cover  Scarf  Bluetooth Scarf  Fancy Scarf  Stole,0.0
2026-07-06,SKU:ST-MP-PCH-1PK,SCFHFJJ2EH5FBFFC,Habibisfashion Solid Chiffon  Georgette Women Faux Turtleneck Neck Cover  Scarf  Bluetooth Scarf  Fancy Scarf  Stole,0.0
2026-07-13,SKU:ST-MP-PCH-1PK,SCFHFJJ2EH5FBFFC,Habibisfashion Solid Chiffon  Georgette Women Faux Turtleneck Neck Cover  Scarf  Bluetooth Scarf  Fancy Scarf  Stole,0.0
2026-07-20,SKU:ST-MP-PCH-1PK,SCFHFJJ2EH5FBFFC,Habibisfashion Solid Chiffon  Georgette Women Faux Turtleneck Neck Cover  Scarf  Bluetooth Scarf  Fancy Scarf  Stole,0.0
2026-07-27,SKU:ST-MP-PCH-1PK,SCFHFJJ2EH5FBFFC,Habibisfashion Solid Chiffon  Georgette Women Faux Turtleneck Neck Cover  Scarf  Bluetooth Scarf  Fancy Scarf  Stole,0.0
2026-08-03,SKU:ST-MP-PCH-1PK,SCFHFJJ2EH5FBFFC,Habibisfashion Solid Chiffon  Georgette Women Faux Turtleneck Neck Cover  Scarf  Bluetooth Scarf  Fancy Scarf  Stole,0.0
2026-08-10,SKU:ST-MP-PCH-1PK,SCFHFJJ2EH5FBFFC,Habibisfashion Solid Chiffon  Georgette Women Faux Turtleneck Neck Cover  Scarf  Bluetooth Scarf  Fancy Scarf  Stole,0.0
2026-08-17,SKU:ST-MP-PCH-1PK,SCFHFJJ2EH5FBFFC,Habibisfashion Solid Chiffon  Georgette Women Faux Turtleneck Neck Cover  Scarf  Bluetooth Scarf  Fancy Scarf  Stole,0.0
2026-08-24,SKU:ST-MP-PCH-1PK,SCFHFJJ2EH5FBFFC,Habibisfashion Solid Chiffon  Georgette Women Faux Turtleneck Neck Cover  Scarf  Bluetooth Scarf  Fancy Scarf  Stole,0.0
2026-08-31,SKU:ST-MP-PCH-1PK,SCFHFJJ2EH5FBFFC,Habibisfashion Solid Chiffon  Georgette Women Faux Turtleneck Neck Cover  Scarf  Bluetooth Scarf  Fancy Scarf  Stole,0.0
2026-06-22,SKU:ST-MP-PCH-BLK-CRM-PK3,SCFH8JG3TSY2K4HM,Hijab Solid Georgette Women Scarf  Stole,1.0
2026-06-29,SKU:ST-MP-PCH-BLK-CRM-PK3,SCFH8JG3TSY2K4HM,Hijab Solid Georgette Women Scarf  Stole,2.0
2026-07-06,SKU:ST-MP-PCH-BLK-CRM-PK3,SCFH8JG3TSY2K4HM,Hijab Solid Georgette Women Scarf  Stole,0.0
2026-07-13,SKU:ST-MP-PCH-BLK-CRM-PK3,SCFH8JG3TSY2K4HM,Hijab Solid Georgette Women Scarf  Stole,0.0
2026-07-20,SKU:ST-MP-PCH-BLK-CRM-PK3,SCFH8JG3TSY2K4HM,Hijab Solid Georgette Women Scarf  Stole,0.0
2026-07-27,SKU:ST-MP-PCH-BLK-CRM-PK3,SCFH8JG3TSY2K4HM,Hijab Solid Georgette Women Scarf  Stole,0.0
2026-08-03,SKU:ST-MP-PCH-BLK-CRM-PK3,SCFH8JG3TSY2K4HM,Hijab Solid Georgette Women Scarf  Stole,0.0
2026-08-10,SKU:ST-MP-PCH-BLK-CRM-PK3,SCFH8JG3TSY2K4HM,Hijab Solid Georgette Women Scarf  Stole,0.0
2026-08-17,SKU:ST-MP-PCH-BLK-CRM-PK3,SCFH8JG3TSY2K4HM,Hijab Solid Georgette Women Scarf  Stole,0.0
2026-08-24,SKU:ST-MP-PCH-BLK-CRM-PK3,SCFH8JG3TSY2K4HM,Hijab Solid Georgette Women Scarf  Stole,0.0
2026-08-31,SKU:ST-MP-PCH-BLK-CRM-PK3,SCFH8JG3TSY2K4HM,Hijab Solid Georgette Women Scarf  Stole,0.0
2026-05-18,SKU:ST-MP-PCH-PK1,SCFGX33YW5DZAAGZ,ALHAMZAH Solid Georgette Women Stole  Scarf,1.0
2026-05-25,SKU:ST-MP-PCH-PK1,SCFGX33YW5DZAAGZ,ALHAMZAH Solid Georgette Women Stole  Scarf,0.0
2026-06-01,SKU:ST-MP-PCH-PK1,SCFGX33YW5DZAAGZ,ALHAMZAH Solid Georgette Women Stole  Scarf,0.0
2026-06-08,SKU:ST-MP-PCH-PK1,SCFGX33YW5DZAAGZ,ALHAMZAH Solid Georgette Women Stole  Scarf,0.0
2026-06-15,SKU:ST-MP-PCH-PK1,SCFGX33YW5DZAAGZ,ALHAMZAH Solid Georgette Women Stole  Scarf,0.0
2026-06-22,SKU:ST-MP-PCH-PK1,SCFGX33YW5DZAAGZ,ALHAMZAH Solid Georgette Women Stole  Scarf,0.0
2026-06-29,SKU:ST-MP-PCH-PK1,SCFGX33YW5DZAAGZ,ALHAMZAH Solid Georgette Women Stole  Scarf,0.0
2026-07-06,SKU:ST-MP-PCH-PK1,SCFGX33YW5DZAAGZ,ALHAMZAH Solid Georgette Women Stole  Scarf,0.0
2026-07-13,SKU:ST-MP-PCH-PK1,SCFGX33YW5DZAAGZ,ALHAMZAH Solid Georgette Women Stole  Scarf,1.0
2026-07-20,SKU:ST-MP-PCH-PK1,SCFGX33YW5DZAAGZ,ALHAMZAH Solid Georgette Women Stole  Scarf,0.0
2026-07-27,SKU:ST-MP-PCH-PK1,SCFGX33YW5DZAAGZ,ALHAMZAH Solid Georgette Women Stole  Scarf,0.0
2026-08-03,SKU:ST-MP-PCH-PK1,SCFGX33YW5DZAAGZ,ALHAMZAH Solid Georgette Women Stole  Scarf,0.0
2026-08-10,SKU:ST-MP-PCH-PK1,SCFGX33YW5DZAAGZ,ALHAMZAH Solid Georgette Women Stole  Scarf,0.0
2026-08-17,SKU:ST-MP-PCH-PK1,SCFGX33YW5DZAAGZ,ALHAMZAH Solid Georgette Women Stole  Scarf,0.0
2026-08-24,SKU:ST-MP-PCH-PK1,SCFGX33YW5DZAAGZ,ALHAMZAH Solid Georgette Women Stole  Scarf,0.0
2026-08-31,SKU:ST-MP-PCH-PK1,SCFGX33YW5DZAAGZ,ALHAMZAH Solid Georgette Women Stole  Scarf,0.0
2026-05-11,SKU:ST-MP-WHT-BLK-PK2,SCFHKVK2E2ZSJPCK,HIJAB FASHION Solid Georgette Women Stole,1.0
2026-05-18,SKU:ST-MP-WHT-BLK-PK2,SCFHKVK2E2ZSJPCK,HIJAB FASHION Solid Georgette Women Stole,0.0
2026-05-25,SKU:ST-MP-WHT-BLK-PK2,SCFHKVK2E2ZSJPCK,HIJAB FASHION Solid Georgette Women Stole,0.0
2026-06-01,SKU:ST-MP-WHT-BLK-PK2,SCFHKVK2E2ZSJPCK,HIJAB FASHION Solid Georgette Women Stole,0.0
2026-06-08,SKU:ST-MP-WHT-BLK-PK2,SCFHKVK2E2ZSJPCK,HIJAB FASHION Solid Georgette Women Stole,0.0
2026-06-15,SKU:ST-MP-WHT-BLK-PK2,SCFHKVK2E2ZSJPCK,HIJAB FASHION Solid Georgette Women Stole,0.0
2026-06-22,SKU:ST-MP-WHT-BLK-PK2,SCFHKVK2E2ZSJPCK,HIJAB FASHION Solid Georgette Women Stole,0.0
2026-06-29,SKU:ST-MP-WHT-BLK-PK2,SCFHKVK2E2ZSJPCK,HIJAB FASHION Solid Georgette Women Stole,0.0
2026-07-06,SKU:ST-MP-WHT-BLK-PK2,SCFHKVK2E2ZSJPCK,HIJAB FASHION Solid Georgette Women Stole,0.0
2026-07-13,SKU:ST-MP-WHT-BLK-PK2,SCFHKVK2E2ZSJPCK,HIJAB FASHION Solid Georgette Women Stole,0.0
2026-07-20,SKU:ST-MP-WHT-BLK-PK2,SCFHKVK2E2ZSJPCK,HIJAB FASHION Solid Georgette Women Stole,0.0
2026-07-27,SKU:ST-MP-WHT-BLK-PK2,SCFHKVK2E2ZSJPCK,HIJAB FASHION Solid Georgette Women Stole,0.0
2026-08-03,SKU:ST-MP-WHT-BLK-PK2,SCFHKVK2E2ZSJPCK,HIJAB FASHION Solid Georgette Women Stole,1.0
2026-08-10,SKU:ST-MP-WHT-BLK-PK2,SCFHKVK2E2ZSJPCK,HIJAB FASHION Solid Georgette Women Stole,1.0
2026-08-17,SKU:ST-MP-WHT-BLK-PK2,SCFHKVK2E2ZSJPCK,HIJAB FASHION Solid Georgette Women Stole,1.0
2026-08-24,SKU:ST-MP-WHT-BLK-PK2,SCFHKVK2E2ZSJPCK,HIJAB FASHION Solid Georgette Women Stole,2.0
2026-08-31,SKU:ST-MP-WHT-BLK-PK2,SCFHKVK2E2ZSJPCK,HIJAB FASHION Solid Georgette Women Stole,0.0
2026-08-17,SKU:ST-MRN-1PK,DUPHHD5EKGCB94AM,Mehsha Georgette Solid Women Dupatta,1.0
2026-08-24,SKU:ST-MRN-1PK,DUPHHD5EKGCB94AM,Mehsha Georgette Solid Women Dupatta,2.0
2026-08-31,SKU:ST-MRN-1PK,DUPHHD5EKGCB94AM,Mehsha Georgette Solid Women Dupatta,2.0
2026-03-30,SKU:ST-NVY-1PK,DUPHHD5EZVCQYVYY,Mehsha Georgette Solid Women Dupatta,1.0
2026-04-06,SKU:ST-NVY-1PK,DUPHHD5EZVCQYVYY,Mehsha Georgette Solid Women Dupatta,3.0
2026-04-13,SKU:ST-NVY-1PK,DUPHHD5EZVCQYVYY,Mehsha Georgette Solid Women Dupatta,0.0
2026-04-20,SKU:ST-NVY-1PK,DUPHHD5EZVCQYVYY,Mehsha Georgette Solid Women Dupatta,0.0
2026-04-27,SKU:ST-NVY-1PK,DUPHHD5EZVCQYVYY,Mehsha Georgette Solid Women Dupatta,1.0
2026-05-04,SKU:ST-NVY-1PK,DUPHHD5EZVCQYVYY,Mehsha Georgette Solid Women Dupatta,2.0
2026-05-11,SKU:ST-NVY-1PK,DUPHHD5EZVCQYVYY,Mehsha Georgette Solid Women Dupatta,0.0
2026-05-18,SKU:ST-NVY-1PK,DUPHHD5EZVCQYVYY,Mehsha Georgette Solid Women Dupatta,0.0
2026-05-25,SKU:ST-NVY-1PK,DUPHHD5EZVCQYVYY,Mehsha Georgette Solid Women Dupatta,0.0
2026-06-01,SKU:ST-NVY-1PK,DUPHHD5EZVCQYVYY,Mehsha Georgette Solid Women Dupatta,0.0
2026-06-08,SKU:ST-NVY-1PK,DUPHHD5EZVCQYVYY,Mehsha Georgette Solid Women Dupatta,0.0
2026-06-15,SKU:ST-NVY-1PK,DUPHHD5EZVCQYVYY,Mehsha Georgette Solid Women Dupatta,0.0
2026-06-22,SKU:ST-NVY-1PK,DUPHHD5EZVCQYVYY,Mehsha Georgette Solid Women Dupatta,0.0
2026-06-29,SKU:ST-NVY-1PK,DUPHHD5EZVCQYVYY,Mehsha Georgette Solid Women Dupatta,0.0
2026-07-06,SKU:ST-NVY-1PK,DUPHHD5EZVCQYVYY,Mehsha Georgette Solid Women Dupatta,0.0
2026-07-13,SKU:ST-NVY-1PK,DUPHHD5EZVCQYVYY,Mehsha Georgette Solid Women Dupatta,0.0
2026-07-20,SKU:ST-NVY-1PK,DUPHHD5EZVCQYVYY,Mehsha Georgette Solid Women Dupatta,0.0
2026-07-27,SKU:ST-NVY-1PK,DUPHHD5EZVCQYVYY,Mehsha Georgette Solid Women Dupatta,0.0
2026-08-03,SKU:ST-NVY-1PK,DUPHHD5EZVCQYVYY,Mehsha Georgette Solid Women Dupatta,0.0
2026-08-10,SKU:ST-NVY-1PK,DUPHHD5EZVCQYVYY,Mehsha Georgette Solid Women Dupatta,0.0
2026-08-17,SKU:ST-NVY-1PK,DUPHHD5EZVCQYVYY,Mehsha Georgette Solid Women Dupatta,1.0
2026-08-24,SKU:ST-NVY-1PK,DUPHHD5EZVCQYVYY,Mehsha Georgette Solid Women Dupatta,1.0
2026-08-31,SKU:ST-NVY-1PK,DUPHHD5EZVCQYVYY,Mehsha Georgette Solid Women Dupatta,0.0
2026-05-04,SKU:ST-PCH-1PK,DUPHHD5E2JAWXJPQ,Mehsha Georgette Solid Women Dupatta,1.0
2026-05-11,SKU:ST-PCH-1PK,DUPHHD5E2JAWXJPQ,Mehsha Georgette Solid Women Dupatta,0.0
2026-05-18,SKU:ST-PCH-1PK,DUPHHD5E2JAWXJPQ,Mehsha Georgette Solid Women Dupatta,0.0
2026-05-25,SKU:ST-PCH-1PK,DUPHHD5E2JAWXJPQ,Mehsha Georgette Solid Women Dupatta,0.0
2026-06-01,SKU:ST-PCH-1PK,DUPHHD5E2JAWXJPQ,Mehsha Georgette Solid Women Dupatta,0.0
2026-06-08,SKU:ST-PCH-1PK,DUPHHD5E2JAWXJPQ,Mehsha Georgette Solid Women Dupatta,0.0
2026-06-15,SKU:ST-PCH-1PK,DUPHHD5E2JAWXJPQ,Mehsha Georgette Solid Women Dupatta,0.0
2026-06-22,SKU:ST-PCH-1PK,DUPHHD5E2JAWXJPQ,Mehsha Georgette Solid Women Dupatta,0.0
2026-06-29,SKU:ST-PCH-1PK,DUPHHD5E2JAWXJPQ,Mehsha Georgette Solid Women Dupatta,0.0
2026-07-06,SKU:ST-PCH-1PK,DUPHHD5E2JAWXJPQ,Mehsha Georgette Solid Women Dupatta,0.0
2026-07-13,SKU:ST-PCH-1PK,DUPHHD5E2JAWXJPQ,Mehsha Georgette Solid Women Dupatta,0.0
2026-07-20,SKU:ST-PCH-1PK,DUPHHD5E2JAWXJPQ,Mehsha Georgette Solid Women Dupatta,0.0
2026-07-27,SKU:ST-PCH-1PK,DUPHHD5E2JAWXJPQ,Mehsha Georgette Solid Women Dupatta,0.0
2026-08-03,SKU:ST-PCH-1PK,DUPHHD5E2JAWXJPQ,Mehsha Georgette Solid Women Dupatta,0.0
2026-08-10,SKU:ST-PCH-1PK,DUPHHD5E2JAWXJPQ,Mehsha Georgette Solid Women Dupatta,0.0
2026-08-17,SKU:ST-PCH-1PK,DUPHHD5E2JAWXJPQ,Mehsha Georgette Solid Women Dupatta,0.0
2026-08-24,SKU:ST-PCH-1PK,DUPHHD5E2JAWXJPQ,Mehsha Georgette Solid Women Dupatta,2.0
2026-08-31,SKU:ST-PCH-1PK,DUPHHD5E2JAWXJPQ,Mehsha Georgette Solid Women Dupatta,1.0
2026-08-24,SKU:ST-PNK-1PK,DUPHHD5ECGYFP2RA,Mehsha Georgette Solid Women Dupatta,1.0
2026-08-31,SKU:ST-PNK-1PK,DUPHHD5ECGYFP2RA,Mehsha Georgette Solid Women Dupatta,1.0
2026-07-13,SKU:ST-RED-1PK,DUPHHD5EXWWG5FSM,Mehsha Georgette Solid Women Dupatta,1.0
2026-07-20,SKU:ST-RED-1PK,DUPHHD5EXWWG5FSM,Mehsha Georgette Solid Women Dupatta,0.0
2026-07-27,SKU:ST-RED-1PK,DUPHHD5EXWWG5FSM,Mehsha Georgette Solid Women Dupatta,0.0
2026-08-03,SKU:ST-RED-1PK,DUPHHD5EXWWG5FSM,Mehsha Georgette Solid Women Dupatta,1.0
2026-08-10,SKU:ST-RED-1PK,DUPHHD5EXWWG5FSM,Mehsha Georgette Solid Women Dupatta,1.0
2026-08-17,SKU:ST-RED-1PK,DUPHHD5EXWWG5FSM,Mehsha Georgette Solid Women Dupatta,0.0
2026-08-24,SKU:ST-RED-1PK,DUPHHD5EXWWG5FSM,Mehsha Georgette Solid Women Dupatta,0.0
2026-08-31,SKU:ST-RED-1PK,DUPHHD5EXWWG5FSM,Mehsha Georgette Solid Women Dupatta,0.0
2026-08-24,SKU:ST-SKYBLU-1PK,DUPHHD5EBH8EDAUX,Mehsha Georgette Solid Women Dupatta,2.0
2026-08-31,SKU:ST-SKYBLU-1PK,DUPHHD5EBH8EDAUX,Mehsha Georgette Solid Women Dupatta,0.0
2026-06-29,SKU:ST-WHT-1PK-,DUPHHD5EC5WADURX,Mehsha Georgette Solid Women Dupatta,1.0
2026-07-06,SKU:ST-WHT-1PK-,DUPHHD5EC5WADURX,Mehsha Georgette Solid Women Dupatta,0.0
2026-07-13,SKU:ST-WHT-1PK-,DUPHHD5EC5WADURX,Mehsha Georgette Solid Women Dupatta,1.0
2026-07-20,SKU:ST-WHT-1PK-,DUPHHD5EC5WADURX,Mehsha Georgette Solid Women Dupatta,1.0
2026-07-27,SKU:ST-WHT-1PK-,DUPHHD5EC5WADURX,Mehsha Georgette Solid Women Dupatta,2.0
2026-08-03,SKU:ST-WHT-1PK-,DUPHHD5EC5WADURX,Mehsha Georgette Solid Women Dupatta,0.0
2026-08-10,SKU:ST-WHT-1PK-,DUPHHD5EC5WADURX,Mehsha Georgette Solid Women Dupatta,1.0
2026-08-17,SKU:ST-WHT-1PK-,DUPHHD5EC5WADURX,Mehsha Georgette Solid Women Dupatta,5.0
2026-08-24,SKU:ST-WHT-1PK-,DUPHHD5EC5WADURX,Mehsha Georgette Solid Women Dupatta,3.0
2026-08-31,SKU:ST-WHT-1PK-,DUPHHD5EC5WADURX,Mehsha Georgette Solid Women Dupatta,2.0
2025-12-15,SKU:WHT BLK P2,DUPHGC2JHKEEZDDH,Mehsha Chiffon Solid Women Dupatta,1.0
2025-12-22,SKU:WHT BLK P2,DUPHGC2JHKEEZDDH,Mehsha Chiffon Solid Women Dupatta,5.0
2025-12-29,SKU:WHT BLK P2,DUPHGC2JHKEEZDDH,Mehsha Chiffon Solid Women Dupatta,2.0
2026-01-05,SKU:WHT BLK P2,DUPHGC2JHKEEZDDH,Mehsha Chiffon Solid Women Dupatta,1.0
2026-01-12,SKU:WHT BLK P2,DUPHGC2JHKEEZDDH,Mehsha Chiffon Solid Women Dupatta,4.0
2026-01-19,SKU:WHT BLK P2,DUPHGC2JHKEEZDDH,Mehsha Chiffon Solid Women Dupatta,6.0
2026-01-26,SKU:WHT BLK P2,DUPHGC2JHKEEZDDH,Mehsha Chiffon Solid Women Dupatta,5.0
2026-02-02,SKU:WHT BLK P2,DUPHGC2JHKEEZDDH,Mehsha Chiffon Solid Women Dupatta,1.0
2026-02-09,SKU:WHT BLK P2,DUPHGC2JHKEEZDDH,Mehsha Chiffon Solid Women Dupatta,3.0
2026-02-16,SKU:WHT BLK P2,DUPHGC2JHKEEZDDH,Mehsha Chiffon Solid Women Dupatta,1.0
2026-02-23,SKU:WHT BLK P2,DUPHGC2JHKEEZDDH,Mehsha Chiffon Solid Women Dupatta,2.0
2026-03-02,SKU:WHT BLK P2,DUPHGC2JHKEEZDDH,Mehsha Chiffon Solid Women Dupatta,2.0
2026-03-09,SKU:WHT BLK P2,DUPHGC2JHKEEZDDH,Mehsha Chiffon Solid Women Dupatta,5.0
2026-03-16,SKU:WHT BLK P2,DUPHGC2JHKEEZDDH,Mehsha Chiffon Solid Women Dupatta,2.0
2026-03-23,SKU:WHT BLK P2,DUPHGC2JHKEEZDDH,Mehsha Chiffon Solid Women Dupatta,1.0
2026-03-30,SKU:WHT BLK P2,DUPHGC2JHKEEZDDH,Mehsha Chiffon Solid Women Dupatta,0.0
2026-04-06,SKU:WHT BLK P2,DUPHGC2JHKEEZDDH,Mehsha Chiffon Solid Women Dupatta,1.0
2026-04-13,SKU:WHT BLK P2,DUPHGC2JHKEEZDDH,Mehsha Chiffon Solid Women Dupatta,0.0
2026-04-20,SKU:WHT BLK P2,DUPHGC2JHKEEZDDH,Mehsha Chiffon Solid Women Dupatta,1.0
2026-04-27,SKU:WHT BLK P2,DUPHGC2JHKEEZDDH,Mehsha Chiffon Solid Women Dupatta,1.0
2026-05-04,SKU:WHT BLK P2,DUPHGC2JHKEEZDDH,Mehsha Chiffon Solid Women Dupatta,1.0
2026-05-11,SKU:WHT BLK P2,DUPHGC2JHKEEZDDH,Mehsha Chiffon Solid Women Dupatta,2.0
2026-05-18,SKU:WHT BLK P2,DUPHGC2JHKEEZDDH,Mehsha Chiffon Solid Women Dupatta,0.0
2026-05-25,SKU:WHT BLK P2,DUPHGC2JHKEEZDDH,Mehsha Chiffon Solid Women Dupatta,0.0
2026-06-01,SKU:WHT BLK P2,DUPHGC2JHKEEZDDH,Mehsha Chiffon Solid Women Dupatta,0.0
2026-06-08,SKU:WHT BLK P2,DUPHGC2JHKEEZDDH,Mehsha Chiffon Solid Women Dupatta,0.0
2026-06-15,SKU:WHT BLK P2,DUPHGC2JHKEEZDDH,Mehsha Chiffon Solid Women Dupatta,1.0
2026-06-22,SKU:WHT BLK P2,DUPHGC2JHKEEZDDH,Mehsha Chiffon Solid Women Dupatta,0.0
2026-06-29,SKU:WHT BLK P2,DUPHGC2JHKEEZDDH,Mehsha Chiffon Solid Women Dupatta,1.0
2026-07-06,SKU:WHT BLK P2,DUPHGC2JHKEEZDDH,Mehsha Chiffon Solid Women Dupatta,1.0
2026-07-13,SKU:WHT BLK P2,DUPHGC2JHKEEZDDH,Mehsha Chiffon Solid Women Dupatta,0.0
2026-07-20,SKU:WHT BLK P2,DUPHGC2JHKEEZDDH,Mehsha Chiffon Solid Women Dupatta,1.0
2026-07-27,SKU:WHT BLK P2,DUPHGC2JHKEEZDDH,Mehsha Chiffon Solid Women Dupatta,2.0
2026-08-03,SKU:WHT BLK P2,DUPHGC2JHKEEZDDH,Mehsha Chiffon Solid Women Dupatta,0.0
2026-08-10,SKU:WHT BLK P2,DUPHGC2JHKEEZDDH,Mehsha Chiffon Solid Women Dupatta,1.0
2026-08-17,SKU:WHT BLK P2,DUPHGC2JHKEEZDDH,Mehsha Chiffon Solid Women Dupatta,1.0
2026-08-24,SKU:WHT BLK P2,DUPHGC2JHKEEZDDH,Mehsha Chiffon Solid Women Dupatta,1.0
2026-08-31,SKU:WHT BLK P2,DUPHGC2JHKEEZDDH,Mehsha Chiffon Solid Women Dupatta,1.0
2025-12-15,SKU:WHT-1PK,DUPHGP3HTN3UBYAN,MEHSHAA Georgette Solid Women Dupatta,1.0
2025-12-22,SKU:WHT-1PK,DUPHGP3HTN3UBYAN,MEHSHAA Georgette Solid Women Dupatta,1.0
2025-12-29,SKU:WHT-1PK,DUPHGP3HTN3UBYAN,MEHSHAA Georgette Solid Women Dupatta,2.0
2026-01-05,SKU:WHT-1PK,DUPHGP3HTN3UBYAN,MEHSHAA Georgette Solid Women Dupatta,0.0
2026-01-12,SKU:WHT-1PK,DUPHGP3HTN3UBYAN,MEHSHAA Georgette Solid Women Dupatta,0.0
2026-01-19,SKU:WHT-1PK,DUPHGP3HTN3UBYAN,MEHSHAA Georgette Solid Women Dupatta,0.0
2026-01-26,SKU:WHT-1PK,DUPHGP3HTN3UBYAN,MEHSHAA Georgette Solid Women Dupatta,0.0
2026-02-02,SKU:WHT-1PK,DUPHGP3HTN3UBYAN,MEHSHAA Georgette Solid Women Dupatta,1.0
2026-02-09,SKU:WHT-1PK,DUPHGP3HTN3UBYAN,MEHSHAA Georgette Solid Women Dupatta,3.0
2026-02-16,SKU:WHT-1PK,DUPHGP3HTN3UBYAN,MEHSHAA Georgette Solid Women Dupatta,0.0
2026-02-23,SKU:WHT-1PK,DUPHGP3HTN3UBYAN,MEHSHAA Georgette Solid Women Dupatta,0.0
2026-03-02,SKU:WHT-1PK,DUPHGP3HTN3UBYAN,MEHSHAA Georgette Solid Women Dupatta,0.0
2026-03-09,SKU:WHT-1PK,DUPHGP3HTN3UBYAN,MEHSHAA Georgette Solid Women Dupatta,0.0
2026-03-16,SKU:WHT-1PK,DUPHGP3HTN3UBYAN,MEHSHAA Georgette Solid Women Dupatta,0.0
2026-03-23,SKU:WHT-1PK,DUPHGP3HTN3UBYAN,MEHSHAA Georgette Solid Women Dupatta,0.0
2026-03-30,SKU:WHT-1PK,DUPHGP3HTN3UBYAN,MEHSHAA Georgette Solid Women Dupatta,0.0
2026-04-06,SKU:WHT-1PK,DUPHGP3HTN3UBYAN,MEHSHAA Georgette Solid Women Dupatta,0.0
2026-04-13,SKU:WHT-1PK,DUPHGP3HTN3UBYAN,MEHSHAA Georgette Solid Women Dupatta,0.0
2026-04-20,SKU:WHT-1PK,DUPHGP3HTN3UBYAN,MEHSHAA Georgette Solid Women Dupatta,0.0
2026-04-27,SKU:WHT-1PK,DUPHGP3HTN3UBYAN,MEHSHAA Georgette Solid Women Dupatta,0.0
2026-05-04,SKU:WHT-1PK,DUPHGP3HTN3UBYAN,MEHSHAA Georgette Solid Women Dupatta,0.0
2026-05-11,SKU:WHT-1PK,DUPHGP3HTN3UBYAN,MEHSHAA Georgette Solid Women Dupatta,0.0
2026-05-18,SKU:WHT-1PK,DUPHGP3HTN3UBYAN,MEHSHAA Georgette Solid Women Dupatta,0.0
2026-05-25,SKU:WHT-1PK,DUPHGP3HTN3UBYAN,MEHSHAA Georgette Solid Women Dupatta,0.0
2026-06-01,SKU:WHT-1PK,DUPHGP3HTN3UBYAN,MEHSHAA Georgette Solid Women Dupatta,0.0
2026-06-08,SKU:WHT-1PK,DUPHGP3HTN3UBYAN,MEHSHAA Georgette Solid Women Dupatta,0.0
2026-06-15,SKU:WHT-1PK,DUPHGP3HTN3UBYAN,MEHSHAA Georgette Solid Women Dupatta,0.0
2026-06-22,SKU:WHT-1PK,DUPHGP3HTN3UBYAN,MEHSHAA Georgette Solid Women Dupatta,0.0
2026-06-29,SKU:WHT-1PK,DUPHGP3HTN3UBYAN,MEHSHAA Georgette Solid Women Dupatta,0.0
2026-07-06,SKU:WHT-1PK,DUPHGP3HTN3UBYAN,MEHSHAA Georgette Solid Women Dupatta,0.0
2026-07-13,SKU:WHT-1PK,DUPHGP3HTN3UBYAN,MEHSHAA Georgette Solid Women Dupatta,0.0
2026-07-20,SKU:WHT-1PK,DUPHGP3HTN3UBYAN,MEHSHAA Georgette Solid Women Dupatta,0.0
2026-07-27,SKU:WHT-1PK,DUPHGP3HTN3UBYAN,MEHSHAA Georgette Solid Women Dupatta,0.0
2026-08-03,SKU:WHT-1PK,DUPHGP3HTN3UBYAN,MEHSHAA Georgette Solid Women Dupatta,0.0
2026-08-10,SKU:WHT-1PK,DUPHGP3HTN3UBYAN,MEHSHAA Georgette Solid Women Dupatta,0.0
2026-08-17,SKU:WHT-1PK,DUPHGP3HTN3UBYAN,MEHSHAA Georgette Solid Women Dupatta,0.0
2026-08-24,SKU:WHT-1PK,DUPHGP3HTN3UBYAN,MEHSHAA Georgette Solid Women Dupatta,0.0
2026-08-31,SKU:WHT-1PK,DUPHGP3HTN3UBYAN,MEHSHAA Georgette Solid Women Dupatta,0.0
2025-12-22,SKU:WHT-3-PK,DUPHGGMMAE7N6MHC,Mehsha Georgette Solid Women Dupatta,1.0
2025-12-29,SKU:WHT-3-PK,DUPHGGMMAE7N6MHC,Mehsha Georgette Solid Women Dupatta,1.0
2026-01-05,SKU:WHT-3-PK,DUPHGGMMAE7N6MHC,Mehsha Georgette Solid Women Dupatta,0.0
2026-01-12,SKU:WHT-3-PK,DUPHGGMMAE7N6MHC,Mehsha Georgette Solid Women Dupatta,0.0
2026-01-19,SKU:WHT-3-PK,DUPHGGMMAE7N6MHC,Mehsha Georgette Solid Women Dupatta,3.0
2026-01-26,SKU:WHT-3-PK,DUPHGGMMAE7N6MHC,Mehsha Georgette Solid Women Dupatta,2.0
2026-02-02,SKU:WHT-3-PK,DUPHGGMMAE7N6MHC,Mehsha Georgette Solid Women Dupatta,0.0
2026-02-09,SKU:WHT-3-PK,DUPHGGMMAE7N6MHC,Mehsha Georgette Solid Women Dupatta,0.0
2026-02-16,SKU:WHT-3-PK,DUPHGGMMAE7N6MHC,Mehsha Georgette Solid Women Dupatta,0.0
2026-02-23,SKU:WHT-3-PK,DUPHGGMMAE7N6MHC,Mehsha Georgette Solid Women Dupatta,0.0
2026-03-02,SKU:WHT-3-PK,DUPHGGMMAE7N6MHC,Mehsha Georgette Solid Women Dupatta,0.0
2026-03-09,SKU:WHT-3-PK,DUPHGGMMAE7N6MHC,Mehsha Georgette Solid Women Dupatta,1.0
2026-03-16,SKU:WHT-3-PK,DUPHGGMMAE7N6MHC,Mehsha Georgette Solid Women Dupatta,0.0
2026-03-23,SKU:WHT-3-PK,DUPHGGMMAE7N6MHC,Mehsha Georgette Solid Women Dupatta,0.0
2026-03-30,SKU:WHT-3-PK,DUPHGGMMAE7N6MHC,Mehsha Georgette Solid Women Dupatta,1.0
2026-04-06,SKU:WHT-3-PK,DUPHGGMMAE7N6MHC,Mehsha Georgette Solid Women Dupatta,0.0
2026-04-13,SKU:WHT-3-PK,DUPHGGMMAE7N6MHC,Mehsha Georgette Solid Women Dupatta,1.0
2026-04-20,SKU:WHT-3-PK,DUPHGGMMAE7N6MHC,Mehsha Georgette Solid Women Dupatta,0.0
2026-04-27,SKU:WHT-3-PK,DUPHGGMMAE7N6MHC,Mehsha Georgette Solid Women Dupatta,0.0
2026-05-04,SKU:WHT-3-PK,DUPHGGMMAE7N6MHC,Mehsha Georgette Solid Women Dupatta,3.0
2026-05-11,SKU:WHT-3-PK,DUPHGGMMAE7N6MHC,Mehsha Georgette Solid Women Dupatta,0.0
2026-05-18,SKU:WHT-3-PK,DUPHGGMMAE7N6MHC,Mehsha Georgette Solid Women Dupatta,2.0
2026-05-25,SKU:WHT-3-PK,DUPHGGMMAE7N6MHC,Mehsha Georgette Solid Women Dupatta,0.0
2026-06-01,SKU:WHT-3-PK,DUPHGGMMAE7N6MHC,Mehsha Georgette Solid Women Dupatta,0.0
2026-06-08,SKU:WHT-3-PK,DUPHGGMMAE7N6MHC,Mehsha Georgette Solid Women Dupatta,0.0
2026-06-15,SKU:WHT-3-PK,DUPHGGMMAE7N6MHC,Mehsha Georgette Solid Women Dupatta,0.0
2026-06-22,SKU:WHT-3-PK,DUPHGGMMAE7N6MHC,Mehsha Georgette Solid Women Dupatta,0.0
2026-06-29,SKU:WHT-3-PK,DUPHGGMMAE7N6MHC,Mehsha Georgette Solid Women Dupatta,0.0
2026-07-06,SKU:WHT-3-PK,DUPHGGMMAE7N6MHC,Mehsha Georgette Solid Women Dupatta,1.0
2026-07-13,SKU:WHT-3-PK,DUPHGGMMAE7N6MHC,Mehsha Georgette Solid Women Dupatta,0.0
2026-07-20,SKU:WHT-3-PK,DUPHGGMMAE7N6MHC,Mehsha Georgette Solid Women Dupatta,0.0
2026-07-27,SKU:WHT-3-PK,DUPHGGMMAE7N6MHC,Mehsha Georgette Solid Women Dupatta,0.0
2026-08-03,SKU:WHT-3-PK,DUPHGGMMAE7N6MHC,Mehsha Georgette Solid Women Dupatta,0.0
2026-08-10,SKU:WHT-3-PK,DUPHGGMMAE7N6MHC,Mehsha Georgette Solid Women Dupatta,0.0
2026-08-17,SKU:WHT-3-PK,DUPHGGMMAE7N6MHC,Mehsha Georgette Solid Women Dupatta,1.0
2026-08-24,SKU:WHT-3-PK,DUPHGGMMAE7N6MHC,Mehsha Georgette Solid Women Dupatta,2.0
2026-08-31,SKU:WHT-3-PK,DUPHGGMMAE7N6MHC,Mehsha Georgette Solid Women Dupatta,0.0
2026-07-27,SKU:WHT-BLK-PK2,DUPHHJE7VDQJZGUC,Mehsha Georgette Solid Women Dupatta,1.0
2026-08-03,SKU:WHT-BLK-PK2,DUPHHJE7VDQJZGUC,Mehsha Georgette Solid Women Dupatta,0.0
2026-08-10,SKU:WHT-BLK-PK2,DUPHHJE7VDQJZGUC,Mehsha Georgette Solid Women Dupatta,0.0
2026-08-17,SKU:WHT-BLK-PK2,DUPHHJE7VDQJZGUC,Mehsha Georgette Solid Women Dupatta,0.0
2026-08-24,SKU:WHT-BLK-PK2,DUPHHJE7VDQJZGUC,Mehsha Georgette Solid Women Dupatta,1.0
2026-08-31,SKU:WHT-BLK-PK2,DUPHHJE7VDQJZGUC,Mehsha Georgette Solid Women Dupatta,0.0
2026-02-23,SKU:WHT-CRM-BLK-PK3,DUPHKHPJYJC8AUDV,Mehsha Georgette Solid Women Dupatta,1.0
2026-03-02,SKU:WHT-CRM-BLK-PK3,DUPHKHPJYJC8AUDV,Mehsha Georgette Solid Women Dupatta,1.0
2026-03-09,SKU:WHT-CRM-BLK-PK3,DUPHKHPJYJC8AUDV,Mehsha Georgette Solid Women Dupatta,1.0
2026-03-16,SKU:WHT-CRM-BLK-PK3,DUPHKHPJYJC8AUDV,Mehsha Georgette Solid Women Dupatta,0.0
2026-03-23,SKU:WHT-CRM-BLK-PK3,DUPHKHPJYJC8AUDV,Mehsha Georgette Solid Women Dupatta,1.0
2026-03-30,SKU:WHT-CRM-BLK-PK3,DUPHKHPJYJC8AUDV,Mehsha Georgette Solid Women Dupatta,0.0
2026-04-06,SKU:WHT-CRM-BLK-PK3,DUPHKHPJYJC8AUDV,Mehsha Georgette Solid Women Dupatta,0.0
2026-04-13,SKU:WHT-CRM-BLK-PK3,DUPHKHPJYJC8AUDV,Mehsha Georgette Solid Women Dupatta,0.0
2026-04-20,SKU:WHT-CRM-BLK-PK3,DUPHKHPJYJC8AUDV,Mehsha Georgette Solid Women Dupatta,2.0
2026-04-27,SKU:WHT-CRM-BLK-PK3,DUPHKHPJYJC8AUDV,Mehsha Georgette Solid Women Dupatta,0.0
2026-05-04,SKU:WHT-CRM-BLK-PK3,DUPHKHPJYJC8AUDV,Mehsha Georgette Solid Women Dupatta,0.0
2026-05-11,SKU:WHT-CRM-BLK-PK3,DUPHKHPJYJC8AUDV,Mehsha Georgette Solid Women Dupatta,0.0
2026-05-18,SKU:WHT-CRM-BLK-PK3,DUPHKHPJYJC8AUDV,Mehsha Georgette Solid Women Dupatta,0.0
2026-05-25,SKU:WHT-CRM-BLK-PK3,DUPHKHPJYJC8AUDV,Mehsha Georgette Solid Women Dupatta,0.0
2026-06-01,SKU:WHT-CRM-BLK-PK3,DUPHKHPJYJC8AUDV,Mehsha Georgette Solid Women Dupatta,0.0
2026-06-08,SKU:WHT-CRM-BLK-PK3,DUPHKHPJYJC8AUDV,Mehsha Georgette Solid Women Dupatta,0.0
2026-06-15,SKU:WHT-CRM-BLK-PK3,DUPHKHPJYJC8AUDV,Mehsha Georgette Solid Women Dupatta,0.0
2026-06-22,SKU:WHT-CRM-BLK-PK3,DUPHKHPJYJC8AUDV,Mehsha Georgette Solid Women Dupatta,1.0
2026-06-29,SKU:WHT-CRM-BLK-PK3,DUPHKHPJYJC8AUDV,Mehsha Georgette Solid Women Dupatta,1.0
2026-07-06,SKU:WHT-CRM-BLK-PK3,DUPHKHPJYJC8AUDV,Mehsha Georgette Solid Women Dupatta,0.0
2026-07-13,SKU:WHT-CRM-BLK-PK3,DUPHKHPJYJC8AUDV,Mehsha Georgette Solid Women Dupatta,0.0
2026-07-20,SKU:WHT-CRM-BLK-PK3,DUPHKHPJYJC8AUDV,Mehsha Georgette Solid Women Dupatta,1.0
2026-07-27,SKU:WHT-CRM-BLK-PK3,DUPHKHPJYJC8AUDV,Mehsha Georgette Solid Women Dupatta,2.0
2026-08-03,SKU:WHT-CRM-BLK-PK3,DUPHKHPJYJC8AUDV,Mehsha Georgette Solid Women Dupatta,1.0
2026-08-10,SKU:WHT-CRM-BLK-PK3,DUPHKHPJYJC8AUDV,Mehsha Georgette Solid Women Dupatta,0.0
2026-08-17,SKU:WHT-CRM-BLK-PK3,DUPHKHPJYJC8AUDV,Mehsha Georgette Solid Women Dupatta,2.0
2026-08-24,SKU:WHT-CRM-BLK-PK3,DUPHKHPJYJC8AUDV,Mehsha Georgette Solid Women Dupatta,0.0
2026-08-31,SKU:WHT-CRM-BLK-PK3,DUPHKHPJYJC8AUDV,Mehsha Georgette Solid Women Dupatta,1.0
2026-03-09,SKU:WHT-CRM-NVY-3PK,DUPHKHPZ6VB2PHGB,Mehsha Georgette Solid Women Dupatta,1.0
2026-03-16,SKU:WHT-CRM-NVY-3PK,DUPHKHPZ6VB2PHGB,Mehsha Georgette Solid Women Dupatta,0.0
2026-03-23,SKU:WHT-CRM-NVY-3PK,DUPHKHPZ6VB2PHGB,Mehsha Georgette Solid Women Dupatta,0.0
2026-03-30,SKU:WHT-CRM-NVY-3PK,DUPHKHPZ6VB2PHGB,Mehsha Georgette Solid Women Dupatta,0.0
2026-04-06,SKU:WHT-CRM-NVY-3PK,DUPHKHPZ6VB2PHGB,Mehsha Georgette Solid Women Dupatta,3.0
2026-04-13,SKU:WHT-CRM-NVY-3PK,DUPHKHPZ6VB2PHGB,Mehsha Georgette Solid Women Dupatta,0.0
2026-04-20,SKU:WHT-CRM-NVY-3PK,DUPHKHPZ6VB2PHGB,Mehsha Georgette Solid Women Dupatta,0.0
2026-04-27,SKU:WHT-CRM-NVY-3PK,DUPHKHPZ6VB2PHGB,Mehsha Georgette Solid Women Dupatta,0.0
2026-05-04,SKU:WHT-CRM-NVY-3PK,DUPHKHPZ6VB2PHGB,Mehsha Georgette Solid Women Dupatta,0.0
2026-05-11,SKU:WHT-CRM-NVY-3PK,DUPHKHPZ6VB2PHGB,Mehsha Georgette Solid Women Dupatta,0.0
2026-05-18,SKU:WHT-CRM-NVY-3PK,DUPHKHPZ6VB2PHGB,Mehsha Georgette Solid Women Dupatta,0.0
2026-05-25,SKU:WHT-CRM-NVY-3PK,DUPHKHPZ6VB2PHGB,Mehsha Georgette Solid Women Dupatta,0.0
2026-06-01,SKU:WHT-CRM-NVY-3PK,DUPHKHPZ6VB2PHGB,Mehsha Georgette Solid Women Dupatta,0.0
2026-06-08,SKU:WHT-CRM-NVY-3PK,DUPHKHPZ6VB2PHGB,Mehsha Georgette Solid Women Dupatta,0.0
2026-06-15,SKU:WHT-CRM-NVY-3PK,DUPHKHPZ6VB2PHGB,Mehsha Georgette Solid Women Dupatta,0.0
2026-06-22,SKU:WHT-CRM-NVY-3PK,DUPHKHPZ6VB2PHGB,Mehsha Georgette Solid Women Dupatta,0.0
2026-06-29,SKU:WHT-CRM-NVY-3PK,DUPHKHPZ6VB2PHGB,Mehsha Georgette Solid Women Dupatta,0.0
2026-07-06,SKU:WHT-CRM-NVY-3PK,DUPHKHPZ6VB2PHGB,Mehsha Georgette Solid Women Dupatta,0.0
2026-07-13,SKU:WHT-CRM-NVY-3PK,DUPHKHPZ6VB2PHGB,Mehsha Georgette Solid Women Dupatta,0.0
2026-07-20,SKU:WHT-CRM-NVY-3PK,DUPHKHPZ6VB2PHGB,Mehsha Georgette Solid Women Dupatta,0.0
2026-07-27,SKU:WHT-CRM-NVY-3PK,DUPHKHPZ6VB2PHGB,Mehsha Georgette Solid Women Dupatta,0.0
2026-08-03,SKU:WHT-CRM-NVY-3PK,DUPHKHPZ6VB2PHGB,Mehsha Georgette Solid Women Dupatta,0.0
2026-08-10,SKU:WHT-CRM-NVY-3PK,DUPHKHPZ6VB2PHGB,Mehsha Georgette Solid Women Dupatta,0.0
2026-08-17,SKU:WHT-CRM-NVY-3PK,DUPHKHPZ6VB2PHGB,Mehsha Georgette Solid Women Dupatta,0.0
2026-08-24,SKU:WHT-CRM-NVY-3PK,DUPHKHPZ6VB2PHGB,Mehsha Georgette Solid Women Dupatta,1.0
2026-08-31,SKU:WHT-CRM-NVY-3PK,DUPHKHPZ6VB2PHGB,Mehsha Georgette Solid Women Dupatta,1.0
2026-04-20,SKU:WHT-PK2,DUPHHKKBHSDRA5KB,Mehsha Georgette Solid Women Dupatta,1.0
2026-04-27,SKU:WHT-PK2,DUPHHKKBHSDRA5KB,Mehsha Georgette Solid Women Dupatta,0.0
2026-05-04,SKU:WHT-PK2,DUPHHKKBHSDRA5KB,Mehsha Georgette Solid Women Dupatta,0.0
2026-05-11,SKU:WHT-PK2,DUPHHKKBHSDRA5KB,Mehsha Georgette Solid Women Dupatta,0.0
2026-05-18,SKU:WHT-PK2,DUPHHKKBHSDRA5KB,Mehsha Georgette Solid Women Dupatta,0.0
2026-05-25,SKU:WHT-PK2,DUPHHKKBHSDRA5KB,Mehsha Georgette Solid Women Dupatta,0.0
2026-06-01,SKU:WHT-PK2,DUPHHKKBHSDRA5KB,Mehsha Georgette Solid Women Dupatta,0.0
2026-06-08,SKU:WHT-PK2,DUPHHKKBHSDRA5KB,Mehsha Georgette Solid Women Dupatta,0.0
2026-06-15,SKU:WHT-PK2,DUPHHKKBHSDRA5KB,Mehsha Georgette Solid Women Dupatta,0.0
2026-06-22,SKU:WHT-PK2,DUPHHKKBHSDRA5KB,Mehsha Georgette Solid Women Dupatta,0.0
2026-06-29,SKU:WHT-PK2,DUPHHKKBHSDRA5KB,Mehsha Georgette Solid Women Dupatta,0.0
2026-07-06,SKU:WHT-PK2,DUPHHKKBHSDRA5KB,Mehsha Georgette Solid Women Dupatta,0.0
2026-07-13,SKU:WHT-PK2,DUPHHKKBHSDRA5KB,Mehsha Georgette Solid Women Dupatta,0.0
2026-07-20,SKU:WHT-PK2,DUPHHKKBHSDRA5KB,Mehsha Georgette Solid Women Dupatta,1.0
2026-07-27,SKU:WHT-PK2,DUPHHKKBHSDRA5KB,Mehsha Georgette Solid Women Dupatta,0.0
2026-08-03,SKU:WHT-PK2,DUPHHKKBHSDRA5KB,Mehsha Georgette Solid Women Dupatta,0.0
2026-08-10,SKU:WHT-PK2,DUPHHKKBHSDRA5KB,Mehsha Georgette Solid Women Dupatta,0.0
2026-08-17,SKU:WHT-PK2,DUPHHKKBHSDRA5KB,Mehsha Georgette Solid Women Dupatta,0.0
2026-08-24,SKU:WHT-PK2,DUPHHKKBHSDRA5KB,Mehsha Georgette Solid Women Dupatta,0.0
2026-08-31,SKU:WHT-PK2,DUPHHKKBHSDRA5KB,Mehsha Georgette Solid Women Dupatta,0.0
2026-03-23,SKU:WHT-RED-PK2,DUPHHJE7RRSZAQ9G,Mehsha Georgette Solid Women Dupatta,1.0
2026-03-30,SKU:WHT-RED-PK2,DUPHHJE7RRSZAQ9G,Mehsha Georgette Solid Women Dupatta,0.0
2026-04-06,SKU:WHT-RED-PK2,DUPHHJE7RRSZAQ9G,Mehsha Georgette Solid Women Dupatta,0.0
2026-04-13,SKU:WHT-RED-PK2,DUPHHJE7RRSZAQ9G,Mehsha Georgette Solid Women Dupatta,1.0
2026-04-20,SKU:WHT-RED-PK2,DUPHHJE7RRSZAQ9G,Mehsha Georgette Solid Women Dupatta,0.0
2026-04-27,SKU:WHT-RED-PK2,DUPHHJE7RRSZAQ9G,Mehsha Georgette Solid Women Dupatta,0.0
2026-05-04,SKU:WHT-RED-PK2,DUPHHJE7RRSZAQ9G,Mehsha Georgette Solid Women Dupatta,0.0
2026-05-11,SKU:WHT-RED-PK2,DUPHHJE7RRSZAQ9G,Mehsha Georgette Solid Women Dupatta,0.0
2026-05-18,SKU:WHT-RED-PK2,DUPHHJE7RRSZAQ9G,Mehsha Georgette Solid Women Dupatta,1.0
2026-05-25,SKU:WHT-RED-PK2,DUPHHJE7RRSZAQ9G,Mehsha Georgette Solid Women Dupatta,0.0
2026-06-01,SKU:WHT-RED-PK2,DUPHHJE7RRSZAQ9G,Mehsha Georgette Solid Women Dupatta,0.0
2026-06-08,SKU:WHT-RED-PK2,DUPHHJE7RRSZAQ9G,Mehsha Georgette Solid Women Dupatta,0.0
2026-06-15,SKU:WHT-RED-PK2,DUPHHJE7RRSZAQ9G,Mehsha Georgette Solid Women Dupatta,0.0
2026-06-22,SKU:WHT-RED-PK2,DUPHHJE7RRSZAQ9G,Mehsha Georgette Solid Women Dupatta,0.0
2026-06-29,SKU:WHT-RED-PK2,DUPHHJE7RRSZAQ9G,Mehsha Georgette Solid Women Dupatta,0.0
2026-07-06,SKU:WHT-RED-PK2,DUPHHJE7RRSZAQ9G,Mehsha Georgette Solid Women Dupatta,0.0
2026-07-13,SKU:WHT-RED-PK2,DUPHHJE7RRSZAQ9G,Mehsha Georgette Solid Women Dupatta,0.0
2026-07-20,SKU:WHT-RED-PK2,DUPHHJE7RRSZAQ9G,Mehsha Georgette Solid Women Dupatta,0.0
2026-07-27,SKU:WHT-RED-PK2,DUPHHJE7RRSZAQ9G,Mehsha Georgette Solid Women Dupatta,0.0
2026-08-03,SKU:WHT-RED-PK2,DUPHHJE7RRSZAQ9G,Mehsha Georgette Solid Women Dupatta,1.0
2026-08-10,SKU:WHT-RED-PK2,DUPHHJE7RRSZAQ9G,Mehsha Georgette Solid Women Dupatta,1.0
2026-08-17,SKU:WHT-RED-PK2,DUPHHJE7RRSZAQ9G,Mehsha Georgette Solid Women Dupatta,0.0
2026-08-24,SKU:WHT-RED-PK2,DUPHHJE7RRSZAQ9G,Mehsha Georgette Solid Women Dupatta,0.0
2026-08-31,SKU:WHT-RED-PK2,DUPHHJE7RRSZAQ9G,Mehsha Georgette Solid Women Dupatta,0.0
2025-12-15,SKU:black 1 pc,DUPHC6S7UPPYJXA4,Mehsha Chiffon Solid Women Dupatta,25.0
2025-12-22,SKU:black 1 pc,DUPHC6S7UPPYJXA4,Mehsha Chiffon Solid Women Dupatta,31.0
2025-12-29,SKU:black 1 pc,DUPHC6S7UPPYJXA4,Mehsha Chiffon Solid Women Dupatta,16.0
2026-01-05,SKU:black 1 pc,DUPHC6S7UPPYJXA4,Mehsha Chiffon Solid Women Dupatta,15.0
2026-01-12,SKU:black 1 pc,DUPHC6S7UPPYJXA4,Mehsha Chiffon Solid Women Dupatta,14.0
2026-01-19,SKU:black 1 pc,DUPHC6S7UPPYJXA4,Mehsha Chiffon Solid Women Dupatta,27.0
2026-01-26,SKU:black 1 pc,DUPHC6S7UPPYJXA4,Mehsha Chiffon Solid Women Dupatta,10.0
2026-02-02,SKU:black 1 pc,DUPHC6S7UPPYJXA4,Mehsha Chiffon Solid Women Dupatta,5.0
2026-02-09,SKU:black 1 pc,DUPHC6S7UPPYJXA4,Mehsha Chiffon Solid Women Dupatta,0.0
2026-02-16,SKU:black 1 pc,DUPHC6S7UPPYJXA4,Mehsha Chiffon Solid Women Dupatta,9.0
2026-02-23,SKU:black 1 pc,DUPHC6S7UPPYJXA4,Mehsha Chiffon Solid Women Dupatta,7.0
2026-03-02,SKU:black 1 pc,DUPHC6S7UPPYJXA4,Mehsha Chiffon Solid Women Dupatta,6.0
2026-03-09,SKU:black 1 pc,DUPHC6S7UPPYJXA4,Mehsha Chiffon Solid Women Dupatta,10.0
2026-03-16,SKU:black 1 pc,DUPHC6S7UPPYJXA4,Mehsha Chiffon Solid Women Dupatta,4.0
2026-03-23,SKU:black 1 pc,DUPHC6S7UPPYJXA4,Mehsha Chiffon Solid Women Dupatta,12.0
2026-03-30,SKU:black 1 pc,DUPHC6S7UPPYJXA4,Mehsha Chiffon Solid Women Dupatta,6.0
2026-04-06,SKU:black 1 pc,DUPHC6S7UPPYJXA4,Mehsha Chiffon Solid Women Dupatta,3.0
2026-04-13,SKU:black 1 pc,DUPHC6S7UPPYJXA4,Mehsha Chiffon Solid Women Dupatta,0.0
2026-04-20,SKU:black 1 pc,DUPHC6S7UPPYJXA4,Mehsha Chiffon Solid Women Dupatta,0.0
2026-04-27,SKU:black 1 pc,DUPHC6S7UPPYJXA4,Mehsha Chiffon Solid Women Dupatta,5.0
2026-05-04,SKU:black 1 pc,DUPHC6S7UPPYJXA4,Mehsha Chiffon Solid Women Dupatta,8.0
2026-05-11,SKU:black 1 pc,DUPHC6S7UPPYJXA4,Mehsha Chiffon Solid Women Dupatta,2.0
2026-05-18,SKU:black 1 pc,DUPHC6S7UPPYJXA4,Mehsha Chiffon Solid Women Dupatta,4.0
2026-05-25,SKU:black 1 pc,DUPHC6S7UPPYJXA4,Mehsha Chiffon Solid Women Dupatta,0.0
2026-06-01,SKU:black 1 pc,DUPHC6S7UPPYJXA4,Mehsha Chiffon Solid Women Dupatta,0.0
2026-06-08,SKU:black 1 pc,DUPHC6S7UPPYJXA4,Mehsha Chiffon Solid Women Dupatta,0.0
2026-06-15,SKU:black 1 pc,DUPHC6S7UPPYJXA4,Mehsha Chiffon Solid Women Dupatta,0.0
2026-06-22,SKU:black 1 pc,DUPHC6S7UPPYJXA4,Mehsha Chiffon Solid Women Dupatta,0.0
2026-06-29,SKU:black 1 pc,DUPHC6S7UPPYJXA4,Mehsha Chiffon Solid Women Dupatta,1.0
2026-07-06,SKU:black 1 pc,DUPHC6S7UPPYJXA4,Mehsha Chiffon Solid Women Dupatta,0.0
2026-07-13,SKU:black 1 pc,DUPHC6S7UPPYJXA4,Mehsha Chiffon Solid Women Dupatta,7.0
2026-07-20,SKU:black 1 pc,DUPHC6S7UPPYJXA4,Mehsha Chiffon Solid Women Dupatta,8.0
2026-07-27,SKU:black 1 pc,DUPHC6S7UPPYJXA4,Mehsha Chiffon Solid Women Dupatta,6.0
2026-08-03,SKU:black 1 pc,DUPHC6S7UPPYJXA4,Mehsha Chiffon Solid Women Dupatta,7.0
2026-08-10,SKU:black 1 pc,DUPHC6S7UPPYJXA4,Mehsha Chiffon Solid Women Dupatta,9.0
2026-08-17,SKU:black 1 pc,DUPHC6S7UPPYJXA4,Mehsha Chiffon Solid Women Dupatta,6.0
2026-08-24,SKU:black 1 pc,DUPHC6S7UPPYJXA4,Mehsha Chiffon Solid Women Dupatta,4.0
2026-08-31,SKU:black 1 pc,DUPHC6S7UPPYJXA4,Mehsha Chiffon Solid Women Dupatta,8.0
2025-12-15,SKU:black pack of 3,DUPHBTHMCHSNY4WJ,Mehsha Georgette Solid Women Dupatta,4.0
2025-12-22,SKU:black pack of 3,DUPHBTHMCHSNY4WJ,Mehsha Georgette Solid Women Dupatta,2.0
2025-12-29,SKU:black pack of 3,DUPHBTHMCHSNY4WJ,Mehsha Georgette Solid Women Dupatta,0.0
2026-01-05,SKU:black pack of 3,DUPHBTHMCHSNY4WJ,Mehsha Georgette Solid Women Dupatta,5.0
2026-01-12,SKU:black pack of 3,DUPHBTHMCHSNY4WJ,Mehsha Georgette Solid Women Dupatta,3.0
2026-01-19,SKU:black pack of 3,DUPHBTHMCHSNY4WJ,Mehsha Georgette Solid Women Dupatta,2.0
2026-01-26,SKU:black pack of 3,DUPHBTHMCHSNY4WJ,Mehsha Georgette Solid Women Dupatta,1.0
2026-02-02,SKU:black pack of 3,DUPHBTHMCHSNY4WJ,Mehsha Georgette Solid Women Dupatta,2.0
2026-02-09,SKU:black pack of 3,DUPHBTHMCHSNY4WJ,Mehsha Georgette Solid Women Dupatta,2.0
2026-02-16,SKU:black pack of 3,DUPHBTHMCHSNY4WJ,Mehsha Georgette Solid Women Dupatta,2.0
2026-02-23,SKU:black pack of 3,DUPHBTHMCHSNY4WJ,Mehsha Georgette Solid Women Dupatta,1.0
2026-03-02,SKU:black pack of 3,DUPHBTHMCHSNY4WJ,Mehsha Georgette Solid Women Dupatta,1.0
2026-03-09,SKU:black pack of 3,DUPHBTHMCHSNY4WJ,Mehsha Georgette Solid Women Dupatta,0.0
2026-03-16,SKU:black pack of 3,DUPHBTHMCHSNY4WJ,Mehsha Georgette Solid Women Dupatta,0.0
2026-03-23,SKU:black pack of 3,DUPHBTHMCHSNY4WJ,Mehsha Georgette Solid Women Dupatta,0.0
2026-03-30,SKU:black pack of 3,DUPHBTHMCHSNY4WJ,Mehsha Georgette Solid Women Dupatta,1.0
2026-04-06,SKU:black pack of 3,DUPHBTHMCHSNY4WJ,Mehsha Georgette Solid Women Dupatta,0.0
2026-04-13,SKU:black pack of 3,DUPHBTHMCHSNY4WJ,Mehsha Georgette Solid Women Dupatta,1.0
2026-04-20,SKU:black pack of 3,DUPHBTHMCHSNY4WJ,Mehsha Georgette Solid Women Dupatta,1.0
2026-04-27,SKU:black pack of 3,DUPHBTHMCHSNY4WJ,Mehsha Georgette Solid Women Dupatta,0.0
2026-05-04,SKU:black pack of 3,DUPHBTHMCHSNY4WJ,Mehsha Georgette Solid Women Dupatta,1.0
2026-05-11,SKU:black pack of 3,DUPHBTHMCHSNY4WJ,Mehsha Georgette Solid Women Dupatta,1.0
2026-05-18,SKU:black pack of 3,DUPHBTHMCHSNY4WJ,Mehsha Georgette Solid Women Dupatta,0.0
2026-05-25,SKU:black pack of 3,DUPHBTHMCHSNY4WJ,Mehsha Georgette Solid Women Dupatta,0.0
2026-06-01,SKU:black pack of 3,DUPHBTHMCHSNY4WJ,Mehsha Georgette Solid Women Dupatta,0.0
2026-06-08,SKU:black pack of 3,DUPHBTHMCHSNY4WJ,Mehsha Georgette Solid Women Dupatta,0.0
2026-06-15,SKU:black pack of 3,DUPHBTHMCHSNY4WJ,Mehsha Georgette Solid Women Dupatta,0.0
2026-06-22,SKU:black pack of 3,DUPHBTHMCHSNY4WJ,Mehsha Georgette Solid Women Dupatta,0.0
2026-06-29,SKU:black pack of 3,DUPHBTHMCHSNY4WJ,Mehsha Georgette Solid Women Dupatta,1.0
2026-07-06,SKU:black pack of 3,DUPHBTHMCHSNY4WJ,Mehsha Georgette Solid Women Dupatta,0.0
2026-07-13,SKU:black pack of 3,DUPHBTHMCHSNY4WJ,Mehsha Georgette Solid Women Dupatta,1.0
2026-07-20,SKU:black pack of 3,DUPHBTHMCHSNY4WJ,Mehsha Georgette Solid Women Dupatta,1.0
2026-07-27,SKU:black pack of 3,DUPHBTHMCHSNY4WJ,Mehsha Georgette Solid Women Dupatta,1.0
2026-08-03,SKU:black pack of 3,DUPHBTHMCHSNY4WJ,Mehsha Georgette Solid Women Dupatta,0.0
2026-08-10,SKU:black pack of 3,DUPHBTHMCHSNY4WJ,Mehsha Georgette Solid Women Dupatta,0.0
2026-08-17,SKU:black pack of 3,DUPHBTHMCHSNY4WJ,Mehsha Georgette Solid Women Dupatta,1.0
2026-08-24,SKU:black pack of 3,DUPHBTHMCHSNY4WJ,Mehsha Georgette Solid Women Dupatta,0.0
2026-08-31,SKU:black pack of 3,DUPHBTHMCHSNY4WJ,Mehsha Georgette Solid Women Dupatta,0.0
2025-12-15,SKU:black scraf for women,DUPHF9GGTNYMZHSE,MEHSHAA Georgette Solid Women Dupatta,2.0
2025-12-22,SKU:black scraf for women,DUPHF9GGTNYMZHSE,MEHSHAA Georgette Solid Women Dupatta,2.0
2025-12-29,SKU:black scraf for women,DUPHF9GGTNYMZHSE,MEHSHAA Georgette Solid Women Dupatta,4.0
2026-01-05,SKU:black scraf for women,DUPHF9GGTNYMZHSE,MEHSHAA Georgette Solid Women Dupatta,7.0
2026-01-12,SKU:black scraf for women,DUPHF9GGTNYMZHSE,MEHSHAA Georgette Solid Women Dupatta,3.0
2026-01-19,SKU:black scraf for women,DUPHF9GGTNYMZHSE,MEHSHAA Georgette Solid Women Dupatta,0.0
2026-01-26,SKU:black scraf for women,DUPHF9GGTNYMZHSE,MEHSHAA Georgette Solid Women Dupatta,2.0
2026-02-02,SKU:black scraf for women,DUPHF9GGTNYMZHSE,MEHSHAA Georgette Solid Women Dupatta,1.0
2026-02-09,SKU:black scraf for women,DUPHF9GGTNYMZHSE,MEHSHAA Georgette Solid Women Dupatta,5.0
2026-02-16,SKU:black scraf for women,DUPHF9GGTNYMZHSE,MEHSHAA Georgette Solid Women Dupatta,3.0
2026-02-23,SKU:black scraf for women,DUPHF9GGTNYMZHSE,MEHSHAA Georgette Solid Women Dupatta,0.0
2026-03-02,SKU:black scraf for women,DUPHF9GGTNYMZHSE,MEHSHAA Georgette Solid Women Dupatta,0.0
2026-03-09,SKU:black scraf for women,DUPHF9GGTNYMZHSE,MEHSHAA Georgette Solid Women Dupatta,0.0
2026-03-16,SKU:black scraf for women,DUPHF9GGTNYMZHSE,MEHSHAA Georgette Solid Women Dupatta,0.0
2026-03-23,SKU:black scraf for women,DUPHF9GGTNYMZHSE,MEHSHAA Georgette Solid Women Dupatta,0.0
2026-03-30,SKU:black scraf for women,DUPHF9GGTNYMZHSE,MEHSHAA Georgette Solid Women Dupatta,0.0
2026-04-06,SKU:black scraf for women,DUPHF9GGTNYMZHSE,MEHSHAA Georgette Solid Women Dupatta,0.0
2026-04-13,SKU:black scraf for women,DUPHF9GGTNYMZHSE,MEHSHAA Georgette Solid Women Dupatta,0.0
2026-04-20,SKU:black scraf for women,DUPHF9GGTNYMZHSE,MEHSHAA Georgette Solid Women Dupatta,0.0
2026-04-27,SKU:black scraf for women,DUPHF9GGTNYMZHSE,MEHSHAA Georgette Solid Women Dupatta,0.0
2026-05-04,SKU:black scraf for women,DUPHF9GGTNYMZHSE,MEHSHAA Georgette Solid Women Dupatta,0.0
2026-05-11,SKU:black scraf for women,DUPHF9GGTNYMZHSE,MEHSHAA Georgette Solid Women Dupatta,0.0
2026-05-18,SKU:black scraf for women,DUPHF9GGTNYMZHSE,MEHSHAA Georgette Solid Women Dupatta,0.0
2026-05-25,SKU:black scraf for women,DUPHF9GGTNYMZHSE,MEHSHAA Georgette Solid Women Dupatta,0.0
2026-06-01,SKU:black scraf for women,DUPHF9GGTNYMZHSE,MEHSHAA Georgette Solid Women Dupatta,0.0
2026-06-08,SKU:black scraf for women,DUPHF9GGTNYMZHSE,MEHSHAA Georgette Solid Women Dupatta,0.0
2026-06-15,SKU:black scraf for women,DUPHF9GGTNYMZHSE,MEHSHAA Georgette Solid Women Dupatta,0.0
2026-06-22,SKU:black scraf for women,DUPHF9GGTNYMZHSE,MEHSHAA Georgette Solid Women Dupatta,0.0
2026-06-29,SKU:black scraf for women,DUPHF9GGTNYMZHSE,MEHSHAA Georgette Solid Women Dupatta,0.0
2026-07-06,SKU:black scraf for women,DUPHF9GGTNYMZHSE,MEHSHAA Georgette Solid Women Dupatta,0.0
2026-07-13,SKU:black scraf for women,DUPHF9GGTNYMZHSE,MEHSHAA Georgette Solid Women Dupatta,0.0
2026-07-20,SKU:black scraf for women,DUPHF9GGTNYMZHSE,MEHSHAA Georgette Solid Women Dupatta,0.0
2026-07-27,SKU:black scraf for women,DUPHF9GGTNYMZHSE,MEHSHAA Georgette Solid Women Dupatta,0.0
2026-08-03,SKU:black scraf for women,DUPHF9GGTNYMZHSE,MEHSHAA Georgette Solid Women Dupatta,0.0
2026-08-10,SKU:black scraf for women,DUPHF9GGTNYMZHSE,MEHSHAA Georgette Solid Women Dupatta,0.0
2026-08-17,SKU:black scraf for women,DUPHF9GGTNYMZHSE,MEHSHAA Georgette Solid Women Dupatta,0.0
2026-08-24,SKU:black scraf for women,DUPHF9GGTNYMZHSE,MEHSHAA Georgette Solid Women Dupatta,0.0
2026-08-31,SKU:black scraf for women,DUPHF9GGTNYMZHSE,MEHSHAA Georgette Solid Women Dupatta,0.0
2025-12-15,SKU:cream pack 1,DUPHBRDXJM2BF2DV,Mehsha Chiffon Solid Women Dupatta,1.0
2025-12-22,SKU:cream pack 1,DUPHBRDXJM2BF2DV,Mehsha Chiffon Solid Women Dupatta,0.0
2025-12-29,SKU:cream pack 1,DUPHBRDXJM2BF2DV,Mehsha Chiffon Solid Women Dupatta,0.0
2026-01-05,SKU:cream pack 1,DUPHBRDXJM2BF2DV,Mehsha Chiffon Solid Women Dupatta,0.0
2026-01-12,SKU:cream pack 1,DUPHBRDXJM2BF2DV,Mehsha Chiffon Solid Women Dupatta,0.0
2026-01-19,SKU:cream pack 1,DUPHBRDXJM2BF2DV,Mehsha Chiffon Solid Women Dupatta,1.0
2026-01-26,SKU:cream pack 1,DUPHBRDXJM2BF2DV,Mehsha Chiffon Solid Women Dupatta,2.0
2026-02-02,SKU:cream pack 1,DUPHBRDXJM2BF2DV,Mehsha Chiffon Solid Women Dupatta,2.0
2026-02-09,SKU:cream pack 1,DUPHBRDXJM2BF2DV,Mehsha Chiffon Solid Women Dupatta,7.0
2026-02-16,SKU:cream pack 1,DUPHBRDXJM2BF2DV,Mehsha Chiffon Solid Women Dupatta,6.0
2026-02-23,SKU:cream pack 1,DUPHBRDXJM2BF2DV,Mehsha Chiffon Solid Women Dupatta,6.0
2026-03-02,SKU:cream pack 1,DUPHBRDXJM2BF2DV,Mehsha Chiffon Solid Women Dupatta,0.0
2026-03-09,SKU:cream pack 1,DUPHBRDXJM2BF2DV,Mehsha Chiffon Solid Women Dupatta,8.0
2026-03-16,SKU:cream pack 1,DUPHBRDXJM2BF2DV,Mehsha Chiffon Solid Women Dupatta,2.0
2026-03-23,SKU:cream pack 1,DUPHBRDXJM2BF2DV,Mehsha Chiffon Solid Women Dupatta,2.0
2026-03-30,SKU:cream pack 1,DUPHBRDXJM2BF2DV,Mehsha Chiffon Solid Women Dupatta,4.0
2026-04-06,SKU:cream pack 1,DUPHBRDXJM2BF2DV,Mehsha Chiffon Solid Women Dupatta,0.0
2026-04-13,SKU:cream pack 1,DUPHBRDXJM2BF2DV,Mehsha Chiffon Solid Women Dupatta,0.0
2026-04-20,SKU:cream pack 1,DUPHBRDXJM2BF2DV,Mehsha Chiffon Solid Women Dupatta,0.0
2026-04-27,SKU:cream pack 1,DUPHBRDXJM2BF2DV,Mehsha Chiffon Solid Women Dupatta,0.0
2026-05-04,SKU:cream pack 1,DUPHBRDXJM2BF2DV,Mehsha Chiffon Solid Women Dupatta,0.0
2026-05-11,SKU:cream pack 1,DUPHBRDXJM2BF2DV,Mehsha Chiffon Solid Women Dupatta,0.0
2026-05-18,SKU:cream pack 1,DUPHBRDXJM2BF2DV,Mehsha Chiffon Solid Women Dupatta,0.0
2026-05-25,SKU:cream pack 1,DUPHBRDXJM2BF2DV,Mehsha Chiffon Solid Women Dupatta,0.0
2026-06-01,SKU:cream pack 1,DUPHBRDXJM2BF2DV,Mehsha Chiffon Solid Women Dupatta,0.0
2026-06-08,SKU:cream pack 1,DUPHBRDXJM2BF2DV,Mehsha Chiffon Solid Women Dupatta,0.0
2026-06-15,SKU:cream pack 1,DUPHBRDXJM2BF2DV,Mehsha Chiffon Solid Women Dupatta,0.0
2026-06-22,SKU:cream pack 1,DUPHBRDXJM2BF2DV,Mehsha Chiffon Solid Women Dupatta,6.0
2026-06-29,SKU:cream pack 1,DUPHBRDXJM2BF2DV,Mehsha Chiffon Solid Women Dupatta,2.0
2026-07-06,SKU:cream pack 1,DUPHBRDXJM2BF2DV,Mehsha Chiffon Solid Women Dupatta,0.0
2026-07-13,SKU:cream pack 1,DUPHBRDXJM2BF2DV,Mehsha Chiffon Solid Women Dupatta,1.0
2026-07-20,SKU:cream pack 1,DUPHBRDXJM2BF2DV,Mehsha Chiffon Solid Women Dupatta,5.0
2026-07-27,SKU:cream pack 1,DUPHBRDXJM2BF2DV,Mehsha Chiffon Solid Women Dupatta,0.0
2026-08-03,SKU:cream pack 1,DUPHBRDXJM2BF2DV,Mehsha Chiffon Solid Women Dupatta,0.0
2026-08-10,SKU:cream pack 1,DUPHBRDXJM2BF2DV,Mehsha Chiffon Solid Women Dupatta,2.0
2026-08-17,SKU:cream pack 1,DUPHBRDXJM2BF2DV,Mehsha Chiffon Solid Women Dupatta,5.0
2026-08-24,SKU:cream pack 1,DUPHBRDXJM2BF2DV,Mehsha Chiffon Solid Women Dupatta,5.0
2026-08-31,SKU:cream pack 1,DUPHBRDXJM2BF2DV,Mehsha Chiffon Solid Women Dupatta,11.0
2025-12-15,SKU:grey pack 1,DUPHC6SENBQXEGSF,Mehsha Chiffon Solid Women Dupatta,3.0
2025-12-22,SKU:grey pack 1,DUPHC6SENBQXEGSF,Mehsha Chiffon Solid Women Dupatta,2.0
2025-12-29,SKU:grey pack 1,DUPHC6SENBQXEGSF,Mehsha Chiffon Solid Women Dupatta,4.0
2026-01-05,SKU:grey pack 1,DUPHC6SENBQXEGSF,Mehsha Chiffon Solid Women Dupatta,5.0
2026-01-12,SKU:grey pack 1,DUPHC6SENBQXEGSF,Mehsha Chiffon Solid Women Dupatta,6.0
2026-01-19,SKU:grey pack 1,DUPHC6SENBQXEGSF,Mehsha Chiffon Solid Women Dupatta,0.0
2026-01-26,SKU:grey pack 1,DUPHC6SENBQXEGSF,Mehsha Chiffon Solid Women Dupatta,0.0
2026-02-02,SKU:grey pack 1,DUPHC6SENBQXEGSF,Mehsha Chiffon Solid Women Dupatta,0.0
2026-02-09,SKU:grey pack 1,DUPHC6SENBQXEGSF,Mehsha Chiffon Solid Women Dupatta,0.0
2026-02-16,SKU:grey pack 1,DUPHC6SENBQXEGSF,Mehsha Chiffon Solid Women Dupatta,3.0
2026-02-23,SKU:grey pack 1,DUPHC6SENBQXEGSF,Mehsha Chiffon Solid Women Dupatta,2.0
2026-03-02,SKU:grey pack 1,DUPHC6SENBQXEGSF,Mehsha Chiffon Solid Women Dupatta,1.0
2026-03-09,SKU:grey pack 1,DUPHC6SENBQXEGSF,Mehsha Chiffon Solid Women Dupatta,0.0
2026-03-16,SKU:grey pack 1,DUPHC6SENBQXEGSF,Mehsha Chiffon Solid Women Dupatta,0.0
2026-03-23,SKU:grey pack 1,DUPHC6SENBQXEGSF,Mehsha Chiffon Solid Women Dupatta,0.0
2026-03-30,SKU:grey pack 1,DUPHC6SENBQXEGSF,Mehsha Chiffon Solid Women Dupatta,1.0
2026-04-06,SKU:grey pack 1,DUPHC6SENBQXEGSF,Mehsha Chiffon Solid Women Dupatta,0.0
2026-04-13,SKU:grey pack 1,DUPHC6SENBQXEGSF,Mehsha Chiffon Solid Women Dupatta,0.0
2026-04-20,SKU:grey pack 1,DUPHC6SENBQXEGSF,Mehsha Chiffon Solid Women Dupatta,0.0
2026-04-27,SKU:grey pack 1,DUPHC6SENBQXEGSF,Mehsha Chiffon Solid Women Dupatta,1.0
2026-05-04,SKU:grey pack 1,DUPHC6SENBQXEGSF,Mehsha Chiffon Solid Women Dupatta,0.0
2026-05-11,SKU:grey pack 1,DUPHC6SENBQXEGSF,Mehsha Chiffon Solid Women Dupatta,0.0
2026-05-18,SKU:grey pack 1,DUPHC6SENBQXEGSF,Mehsha Chiffon Solid Women Dupatta,0.0
2026-05-25,SKU:grey pack 1,DUPHC6SENBQXEGSF,Mehsha Chiffon Solid Women Dupatta,0.0
2026-06-01,SKU:grey pack 1,DUPHC6SENBQXEGSF,Mehsha Chiffon Solid Women Dupatta,0.0
2026-06-08,SKU:grey pack 1,DUPHC6SENBQXEGSF,Mehsha Chiffon Solid Women Dupatta,0.0
2026-06-15,SKU:grey pack 1,DUPHC6SENBQXEGSF,Mehsha Chiffon Solid Women Dupatta,0.0
2026-06-22,SKU:grey pack 1,DUPHC6SENBQXEGSF,Mehsha Chiffon Solid Women Dupatta,1.0
2026-06-29,SKU:grey pack 1,DUPHC6SENBQXEGSF,Mehsha Chiffon Solid Women Dupatta,0.0
2026-07-06,SKU:grey pack 1,DUPHC6SENBQXEGSF,Mehsha Chiffon Solid Women Dupatta,1.0
2026-07-13,SKU:grey pack 1,DUPHC6SENBQXEGSF,Mehsha Chiffon Solid Women Dupatta,1.0
2026-07-20,SKU:grey pack 1,DUPHC6SENBQXEGSF,Mehsha Chiffon Solid Women Dupatta,0.0
2026-07-27,SKU:grey pack 1,DUPHC6SENBQXEGSF,Mehsha Chiffon Solid Women Dupatta,0.0
2026-08-03,SKU:grey pack 1,DUPHC6SENBQXEGSF,Mehsha Chiffon Solid Women Dupatta,1.0
2026-08-10,SKU:grey pack 1,DUPHC6SENBQXEGSF,Mehsha Chiffon Solid Women Dupatta,0.0
2026-08-17,SKU:grey pack 1,DUPHC6SENBQXEGSF,Mehsha Chiffon Solid Women Dupatta,1.0
2026-08-24,SKU:grey pack 1,DUPHC6SENBQXEGSF,Mehsha Chiffon Solid Women Dupatta,0.0
2026-08-31,SKU:grey pack 1,DUPHC6SENBQXEGSF,Mehsha Chiffon Solid Women Dupatta,0.0
2025-12-15,SKU:grey scraf for women,DUPHF9GG7Y8GP2HM,MEHSHAA Georgette Solid Women Dupatta,1.0
2025-12-22,SKU:grey scraf for women,DUPHF9GG7Y8GP2HM,MEHSHAA Georgette Solid Women Dupatta,0.0
2025-12-29,SKU:grey scraf for women,DUPHF9GG7Y8GP2HM,Mehsha Chiffon Solid Women Dupatta,1.0
2026-01-05,SKU:grey scraf for women,DUPHF9GG7Y8GP2HM,Mehsha Chiffon Solid Women Dupatta,2.0
2026-01-12,SKU:grey scraf for women,DUPHF9GG7Y8GP2HM,Mehsha Chiffon Solid Women Dupatta,0.0
2026-01-19,SKU:grey scraf for women,DUPHF9GG7Y8GP2HM,Mehsha Chiffon Solid Women Dupatta,0.0
2026-01-26,SKU:grey scraf for women,DUPHF9GG7Y8GP2HM,Mehsha Chiffon Solid Women Dupatta,0.0
2026-02-02,SKU:grey scraf for women,DUPHF9GG7Y8GP2HM,Mehsha Chiffon Solid Women Dupatta,0.0
2026-02-09,SKU:grey scraf for women,DUPHF9GG7Y8GP2HM,Mehsha Chiffon Solid Women Dupatta,0.0
2026-02-16,SKU:grey scraf for women,DUPHF9GG7Y8GP2HM,Mehsha Chiffon Solid Women Dupatta,0.0
2026-02-23,SKU:grey scraf for women,DUPHF9GG7Y8GP2HM,Mehsha Chiffon Solid Women Dupatta,0.0
2026-03-02,SKU:grey scraf for women,DUPHF9GG7Y8GP2HM,Mehsha Chiffon Solid Women Dupatta,0.0
2026-03-09,SKU:grey scraf for women,DUPHF9GG7Y8GP2HM,Mehsha Chiffon Solid Women Dupatta,0.0
2026-03-16,SKU:grey scraf for women,DUPHF9GG7Y8GP2HM,Mehsha Chiffon Solid Women Dupatta,0.0
2026-03-23,SKU:grey scraf for women,DUPHF9GG7Y8GP2HM,Mehsha Chiffon Solid Women Dupatta,0.0
2026-03-30,SKU:grey scraf for women,DUPHF9GG7Y8GP2HM,Mehsha Chiffon Solid Women Dupatta,0.0
2026-04-06,SKU:grey scraf for women,DUPHF9GG7Y8GP2HM,Mehsha Chiffon Solid Women Dupatta,0.0
2026-04-13,SKU:grey scraf for women,DUPHF9GG7Y8GP2HM,Mehsha Chiffon Solid Women Dupatta,0.0
2026-04-20,SKU:grey scraf for women,DUPHF9GG7Y8GP2HM,Mehsha Chiffon Solid Women Dupatta,0.0
2026-04-27,SKU:grey scraf for women,DUPHF9GG7Y8GP2HM,Mehsha Chiffon Solid Women Dupatta,0.0
2026-05-04,SKU:grey scraf for women,DUPHF9GG7Y8GP2HM,Mehsha Chiffon Solid Women Dupatta,0.0
2026-05-11,SKU:grey scraf for women,DUPHF9GG7Y8GP2HM,Mehsha Chiffon Solid Women Dupatta,0.0
2026-05-18,SKU:grey scraf for women,DUPHF9GG7Y8GP2HM,Mehsha Chiffon Solid Women Dupatta,0.0
2026-05-25,SKU:grey scraf for women,DUPHF9GG7Y8GP2HM,Mehsha Chiffon Solid Women Dupatta,0.0
2026-06-01,SKU:grey scraf for women,DUPHF9GG7Y8GP2HM,Mehsha Chiffon Solid Women Dupatta,0.0
2026-06-08,SKU:grey scraf for women,DUPHF9GG7Y8GP2HM,Mehsha Chiffon Solid Women Dupatta,0.0
2026-06-15,SKU:grey scraf for women,DUPHF9GG7Y8GP2HM,Mehsha Chiffon Solid Women Dupatta,0.0
2026-06-22,SKU:grey scraf for women,DUPHF9GG7Y8GP2HM,Mehsha Chiffon Solid Women Dupatta,0.0
2026-06-29,SKU:grey scraf for women,DUPHF9GG7Y8GP2HM,Mehsha Chiffon Solid Women Dupatta,0.0
2026-07-06,SKU:grey scraf for women,DUPHF9GG7Y8GP2HM,Mehsha Chiffon Solid Women Dupatta,0.0
2026-07-13,SKU:grey scraf for women,DUPHF9GG7Y8GP2HM,Mehsha Chiffon Solid Women Dupatta,0.0
2026-07-20,SKU:grey scraf for women,DUPHF9GG7Y8GP2HM,Mehsha Chiffon Solid Women Dupatta,0.0
2026-07-27,SKU:grey scraf for women,DUPHF9GG7Y8GP2HM,Mehsha Chiffon Solid Women Dupatta,0.0
2026-08-03,SKU:grey scraf for women,DUPHF9GG7Y8GP2HM,Mehsha Chiffon Solid Women Dupatta,0.0
2026-08-10,SKU:grey scraf for women,DUPHF9GG7Y8GP2HM,Mehsha Chiffon Solid Women Dupatta,0.0
2026-08-17,SKU:grey scraf for women,DUPHF9GG7Y8GP2HM,Mehsha Chiffon Solid Women Dupatta,0.0
2026-08-24,SKU:grey scraf for women,DUPHF9GG7Y8GP2HM,Mehsha Chiffon Solid Women Dupatta,1.0
2026-08-31,SKU:grey scraf for women,DUPHF9GG7Y8GP2HM,Mehsha Chiffon Solid Women Dupatta,0.0
2025-12-15,SKU:lavender pack 1,DUPHCASGKWHZQKAA,Mehsha Chiffon Solid Women Dupatta,6.0
2025-12-22,SKU:lavender pack 1,DUPHCASGKWHZQKAA,Mehsha Chiffon Solid Women Dupatta,5.0
2025-12-29,SKU:lavender pack 1,DUPHCASGKWHZQKAA,Mehsha Chiffon Solid Women Dupatta,0.0
2026-01-05,SKU:lavender pack 1,DUPHCASGKWHZQKAA,Mehsha Chiffon Solid Women Dupatta,0.0
2026-01-12,SKU:lavender pack 1,DUPHCASGKWHZQKAA,Mehsha Chiffon Solid Women Dupatta,0.0
2026-01-19,SKU:lavender pack 1,DUPHCASGKWHZQKAA,Mehsha Chiffon Solid Women Dupatta,0.0
2026-01-26,SKU:lavender pack 1,DUPHCASGKWHZQKAA,Mehsha Chiffon Solid Women Dupatta,5.0
2026-02-02,SKU:lavender pack 1,DUPHCASGKWHZQKAA,Mehsha Chiffon Solid Women Dupatta,0.0
2026-02-09,SKU:lavender pack 1,DUPHCASGKWHZQKAA,Mehsha Chiffon Solid Women Dupatta,0.0
2026-02-16,SKU:lavender pack 1,DUPHCASGKWHZQKAA,Mehsha Chiffon Solid Women Dupatta,0.0
2026-02-23,SKU:lavender pack 1,DUPHCASGKWHZQKAA,Mehsha Chiffon Solid Women Dupatta,0.0
2026-03-02,SKU:lavender pack 1,DUPHCASGKWHZQKAA,Mehsha Chiffon Solid Women Dupatta,0.0
2026-03-09,SKU:lavender pack 1,DUPHCASGKWHZQKAA,Mehsha Chiffon Solid Women Dupatta,0.0
2026-03-16,SKU:lavender pack 1,DUPHCASGKWHZQKAA,Mehsha Chiffon Solid Women Dupatta,0.0
2026-03-23,SKU:lavender pack 1,DUPHCASGKWHZQKAA,Mehsha Chiffon Solid Women Dupatta,0.0
2026-03-30,SKU:lavender pack 1,DUPHCASGKWHZQKAA,Mehsha Chiffon Solid Women Dupatta,0.0
2026-04-06,SKU:lavender pack 1,DUPHCASGKWHZQKAA,Mehsha Chiffon Solid Women Dupatta,0.0
2026-04-13,SKU:lavender pack 1,DUPHCASGKWHZQKAA,Mehsha Chiffon Solid Women Dupatta,0.0
2026-04-20,SKU:lavender pack 1,DUPHCASGKWHZQKAA,Mehsha Chiffon Solid Women Dupatta,0.0
2026-04-27,SKU:lavender pack 1,DUPHCASGKWHZQKAA,Mehsha Chiffon Solid Women Dupatta,0.0
2026-05-04,SKU:lavender pack 1,DUPHCASGKWHZQKAA,Mehsha Chiffon Solid Women Dupatta,0.0
2026-05-11,SKU:lavender pack 1,DUPHCASGKWHZQKAA,Mehsha Chiffon Solid Women Dupatta,0.0
2026-05-18,SKU:lavender pack 1,DUPHCASGKWHZQKAA,Mehsha Chiffon Solid Women Dupatta,0.0
2026-05-25,SKU:lavender pack 1,DUPHCASGKWHZQKAA,Mehsha Chiffon Solid Women Dupatta,0.0
2026-06-01,SKU:lavender pack 1,DUPHCASGKWHZQKAA,Mehsha Chiffon Solid Women Dupatta,0.0
2026-06-08,SKU:lavender pack 1,DUPHCASGKWHZQKAA,Mehsha Chiffon Solid Women Dupatta,0.0
2026-06-15,SKU:lavender pack 1,DUPHCASGKWHZQKAA,Mehsha Chiffon Solid Women Dupatta,0.0
2026-06-22,SKU:lavender pack 1,DUPHCASGKWHZQKAA,Mehsha Chiffon Solid Women Dupatta,0.0
2026-06-29,SKU:lavender pack 1,DUPHCASGKWHZQKAA,Mehsha Chiffon Solid Women Dupatta,0.0
2026-07-06,SKU:lavender pack 1,DUPHCASGKWHZQKAA,Mehsha Chiffon Solid Women Dupatta,3.0
2026-07-13,SKU:lavender pack 1,DUPHCASGKWHZQKAA,Mehsha Chiffon Solid Women Dupatta,0.0
2026-07-20,SKU:lavender pack 1,DUPHCASGKWHZQKAA,Mehsha Chiffon Solid Women Dupatta,1.0
2026-07-27,SKU:lavender pack 1,DUPHCASGKWHZQKAA,Mehsha Chiffon Solid Women Dupatta,0.0
2026-08-03,SKU:lavender pack 1,DUPHCASGKWHZQKAA,Mehsha Chiffon Solid Women Dupatta,3.0
2026-08-10,SKU:lavender pack 1,DUPHCASGKWHZQKAA,Mehsha Chiffon Solid Women Dupatta,0.0
2026-08-17,SKU:lavender pack 1,DUPHCASGKWHZQKAA,Mehsha Chiffon Solid Women Dupatta,1.0
2026-08-24,SKU:lavender pack 1,DUPHCASGKWHZQKAA,Mehsha Chiffon Solid Women Dupatta,1.0
2026-08-31,SKU:lavender pack 1,DUPHCASGKWHZQKAA,Mehsha Chiffon Solid Women Dupatta,0.0
2025-12-15,SKU:light pink pack 1,DUPHCTQ6A5FKUGHD,Mehsha Chiffon Solid Women Dupatta,8.0
2025-12-22,SKU:light pink pack 1,DUPHCTQ6A5FKUGHD,Mehsha Chiffon Solid Women Dupatta,10.0
2025-12-29,SKU:light pink pack 1,DUPHCTQ6A5FKUGHD,Mehsha Chiffon Solid Women Dupatta,7.0
2026-01-05,SKU:light pink pack 1,DUPHCTQ6A5FKUGHD,Mehsha Chiffon Solid Women Dupatta,11.0
2026-01-12,SKU:light pink pack 1,DUPHCTQ6A5FKUGHD,Mehsha Chiffon Solid Women Dupatta,18.0
2026-01-19,SKU:light pink pack 1,DUPHCTQ6A5FKUGHD,Mehsha Chiffon Solid Women Dupatta,7.0
2026-01-26,SKU:light pink pack 1,DUPHCTQ6A5FKUGHD,Mehsha Chiffon Solid Women Dupatta,10.0
2026-02-02,SKU:light pink pack 1,DUPHCTQ6A5FKUGHD,Mehsha Chiffon Solid Women Dupatta,10.0
2026-02-09,SKU:light pink pack 1,DUPHCTQ6A5FKUGHD,Mehsha Chiffon Solid Women Dupatta,4.0
2026-02-16,SKU:light pink pack 1,DUPHCTQ6A5FKUGHD,Mehsha Chiffon Solid Women Dupatta,3.0
2026-02-23,SKU:light pink pack 1,DUPHCTQ6A5FKUGHD,Mehsha Chiffon Solid Women Dupatta,6.0
2026-03-02,SKU:light pink pack 1,DUPHCTQ6A5FKUGHD,Mehsha Chiffon Solid Women Dupatta,0.0
2026-03-09,SKU:light pink pack 1,DUPHCTQ6A5FKUGHD,Mehsha Chiffon Solid Women Dupatta,1.0
2026-03-16,SKU:light pink pack 1,DUPHCTQ6A5FKUGHD,Mehsha Chiffon Solid Women Dupatta,3.0
2026-03-23,SKU:light pink pack 1,DUPHCTQ6A5FKUGHD,Mehsha Chiffon Solid Women Dupatta,8.0
2026-03-30,SKU:light pink pack 1,DUPHCTQ6A5FKUGHD,Mehsha Chiffon Solid Women Dupatta,8.0
2026-04-06,SKU:light pink pack 1,DUPHCTQ6A5FKUGHD,Mehsha Chiffon Solid Women Dupatta,5.0
2026-04-13,SKU:light pink pack 1,DUPHCTQ6A5FKUGHD,Mehsha Chiffon Solid Women Dupatta,0.0
2026-04-20,SKU:light pink pack 1,DUPHCTQ6A5FKUGHD,Mehsha Chiffon Solid Women Dupatta,0.0
2026-04-27,SKU:light pink pack 1,DUPHCTQ6A5FKUGHD,Mehsha Chiffon Solid Women Dupatta,0.0
2026-05-04,SKU:light pink pack 1,DUPHCTQ6A5FKUGHD,Mehsha Chiffon Solid Women Dupatta,0.0
2026-05-11,SKU:light pink pack 1,DUPHCTQ6A5FKUGHD,Mehsha Chiffon Solid Women Dupatta,0.0
2026-05-18,SKU:light pink pack 1,DUPHCTQ6A5FKUGHD,Mehsha Chiffon Solid Women Dupatta,0.0
2026-05-25,SKU:light pink pack 1,DUPHCTQ6A5FKUGHD,Mehsha Chiffon Solid Women Dupatta,0.0
2026-06-01,SKU:light pink pack 1,DUPHCTQ6A5FKUGHD,Mehsha Chiffon Solid Women Dupatta,0.0
2026-06-08,SKU:light pink pack 1,DUPHCTQ6A5FKUGHD,Mehsha Chiffon Solid Women Dupatta,0.0
2026-06-15,SKU:light pink pack 1,DUPHCTQ6A5FKUGHD,Mehsha Chiffon Solid Women Dupatta,0.0
2026-06-22,SKU:light pink pack 1,DUPHCTQ6A5FKUGHD,Mehsha Chiffon Solid Women Dupatta,0.0
2026-06-29,SKU:light pink pack 1,DUPHCTQ6A5FKUGHD,Mehsha Chiffon Solid Women Dupatta,2.0
2026-07-06,SKU:light pink pack 1,DUPHCTQ6A5FKUGHD,Mehsha Chiffon Solid Women Dupatta,1.0
2026-07-13,SKU:light pink pack 1,DUPHCTQ6A5FKUGHD,Mehsha Chiffon Solid Women Dupatta,0.0
2026-07-20,SKU:light pink pack 1,DUPHCTQ6A5FKUGHD,Mehsha Chiffon Solid Women Dupatta,0.0
2026-07-27,SKU:light pink pack 1,DUPHCTQ6A5FKUGHD,Mehsha Chiffon Solid Women Dupatta,0.0
2026-08-03,SKU:light pink pack 1,DUPHCTQ6A5FKUGHD,Mehsha Chiffon Solid Women Dupatta,0.0
2026-08-10,SKU:light pink pack 1,DUPHCTQ6A5FKUGHD,Mehsha Chiffon Solid Women Dupatta,0.0
2026-08-17,SKU:light pink pack 1,DUPHCTQ6A5FKUGHD,Mehsha Chiffon Solid Women Dupatta,0.0
2026-08-24,SKU:light pink pack 1,DUPHCTQ6A5FKUGHD,Mehsha Chiffon Solid Women Dupatta,0.0
2026-08-31,SKU:light pink pack 1,DUPHCTQ6A5FKUGHD,Mehsha Chiffon Solid Women Dupatta,0.0
2025-12-15,SKU:maroon pack 1,DUPHEBJ23U8PYYN5,Mehsha Chiffon Solid Women Dupatta,6.0
2025-12-22,SKU:maroon pack 1,DUPHEBJ23U8PYYN5,Mehsha Chiffon Solid Women Dupatta,3.0
2025-12-29,SKU:maroon pack 1,DUPHEBJ23U8PYYN5,Mehsha Chiffon Solid Women Dupatta,11.0
2026-01-05,SKU:maroon pack 1,DUPHEBJ23U8PYYN5,Mehsha Chiffon Solid Women Dupatta,4.0
2026-01-12,SKU:maroon pack 1,DUPHEBJ23U8PYYN5,Mehsha Chiffon Solid Women Dupatta,0.0
2026-01-19,SKU:maroon pack 1,DUPHEBJ23U8PYYN5,Mehsha Chiffon Solid Women Dupatta,1.0
2026-01-26,SKU:maroon pack 1,DUPHEBJ23U8PYYN5,Mehsha Chiffon Solid Women Dupatta,7.0
2026-02-02,SKU:maroon pack 1,DUPHEBJ23U8PYYN5,Mehsha Chiffon Solid Women Dupatta,3.0
2026-02-09,SKU:maroon pack 1,DUPHEBJ23U8PYYN5,Mehsha Chiffon Solid Women Dupatta,6.0
2026-02-16,SKU:maroon pack 1,DUPHEBJ23U8PYYN5,Mehsha Chiffon Solid Women Dupatta,1.0
2026-02-23,SKU:maroon pack 1,DUPHEBJ23U8PYYN5,Mehsha Chiffon Solid Women Dupatta,0.0
2026-03-02,SKU:maroon pack 1,DUPHEBJ23U8PYYN5,Mehsha Chiffon Solid Women Dupatta,0.0
2026-03-09,SKU:maroon pack 1,DUPHEBJ23U8PYYN5,Mehsha Chiffon Solid Women Dupatta,0.0
2026-03-16,SKU:maroon pack 1,DUPHEBJ23U8PYYN5,Mehsha Chiffon Solid Women Dupatta,0.0
2026-03-23,SKU:maroon pack 1,DUPHEBJ23U8PYYN5,Mehsha Chiffon Solid Women Dupatta,0.0
2026-03-30,SKU:maroon pack 1,DUPHEBJ23U8PYYN5,Mehsha Chiffon Solid Women Dupatta,0.0
2026-04-06,SKU:maroon pack 1,DUPHEBJ23U8PYYN5,Mehsha Chiffon Solid Women Dupatta,0.0
2026-04-13,SKU:maroon pack 1,DUPHEBJ23U8PYYN5,Mehsha Chiffon Solid Women Dupatta,0.0
2026-04-20,SKU:maroon pack 1,DUPHEBJ23U8PYYN5,Mehsha Chiffon Solid Women Dupatta,0.0
2026-04-27,SKU:maroon pack 1,DUPHEBJ23U8PYYN5,Mehsha Chiffon Solid Women Dupatta,0.0
2026-05-04,SKU:maroon pack 1,DUPHEBJ23U8PYYN5,Mehsha Chiffon Solid Women Dupatta,0.0
2026-05-11,SKU:maroon pack 1,DUPHEBJ23U8PYYN5,Mehsha Chiffon Solid Women Dupatta,0.0
2026-05-18,SKU:maroon pack 1,DUPHEBJ23U8PYYN5,Mehsha Chiffon Solid Women Dupatta,0.0
2026-05-25,SKU:maroon pack 1,DUPHEBJ23U8PYYN5,Mehsha Chiffon Solid Women Dupatta,0.0
2026-06-01,SKU:maroon pack 1,DUPHEBJ23U8PYYN5,Mehsha Chiffon Solid Women Dupatta,0.0
2026-06-08,SKU:maroon pack 1,DUPHEBJ23U8PYYN5,Mehsha Chiffon Solid Women Dupatta,0.0
2026-06-15,SKU:maroon pack 1,DUPHEBJ23U8PYYN5,Mehsha Chiffon Solid Women Dupatta,0.0
2026-06-22,SKU:maroon pack 1,DUPHEBJ23U8PYYN5,Mehsha Chiffon Solid Women Dupatta,0.0
2026-06-29,SKU:maroon pack 1,DUPHEBJ23U8PYYN5,Mehsha Chiffon Solid Women Dupatta,0.0
2026-07-06,SKU:maroon pack 1,DUPHEBJ23U8PYYN5,Mehsha Chiffon Solid Women Dupatta,0.0
2026-07-13,SKU:maroon pack 1,DUPHEBJ23U8PYYN5,Mehsha Chiffon Solid Women Dupatta,0.0
2026-07-20,SKU:maroon pack 1,DUPHEBJ23U8PYYN5,Mehsha Chiffon Solid Women Dupatta,0.0
2026-07-27,SKU:maroon pack 1,DUPHEBJ23U8PYYN5,Mehsha Chiffon Solid Women Dupatta,0.0
2026-08-03,SKU:maroon pack 1,DUPHEBJ23U8PYYN5,Mehsha Chiffon Solid Women Dupatta,0.0
2026-08-10,SKU:maroon pack 1,DUPHEBJ23U8PYYN5,Mehsha Chiffon Solid Women Dupatta,0.0
2026-08-17,SKU:maroon pack 1,DUPHEBJ23U8PYYN5,Mehsha Chiffon Solid Women Dupatta,1.0
2026-08-24,SKU:maroon pack 1,DUPHEBJ23U8PYYN5,Mehsha Chiffon Solid Women Dupatta,3.0
2026-08-31,SKU:maroon pack 1,DUPHEBJ23U8PYYN5,Mehsha Chiffon Solid Women Dupatta,0.0
2026-04-06,SKU:matifa-blk-crm-pk2,DUPHH7HPHPT3J7GG,MATIFA Georgette Solid Women Dupatta,1.0
2026-04-13,SKU:matifa-blk-crm-pk2,DUPHH7HPHPT3J7GG,MATIFA Georgette Solid Women Dupatta,0.0
2026-04-20,SKU:matifa-blk-crm-pk2,DUPHH7HPHPT3J7GG,MATIFA Georgette Solid Women Dupatta,0.0
2026-04-27,SKU:matifa-blk-crm-pk2,DUPHH7HPHPT3J7GG,MATIFA Georgette Solid Women Dupatta,0.0
2026-05-04,SKU:matifa-blk-crm-pk2,DUPHH7HPHPT3J7GG,MATIFA Georgette Solid Women Dupatta,0.0
2026-05-11,SKU:matifa-blk-crm-pk2,DUPHH7HPHPT3J7GG,MATIFA Georgette Solid Women Dupatta,0.0
2026-05-18,SKU:matifa-blk-crm-pk2,DUPHH7HPHPT3J7GG,MATIFA Georgette Solid Women Dupatta,0.0
2026-05-25,SKU:matifa-blk-crm-pk2,DUPHH7HPHPT3J7GG,MATIFA Georgette Solid Women Dupatta,0.0
2026-06-01,SKU:matifa-blk-crm-pk2,DUPHH7HPHPT3J7GG,MATIFA Georgette Solid Women Dupatta,0.0
2026-06-08,SKU:matifa-blk-crm-pk2,DUPHH7HPHPT3J7GG,MATIFA Georgette Solid Women Dupatta,0.0
2026-06-15,SKU:matifa-blk-crm-pk2,DUPHH7HPHPT3J7GG,MATIFA Georgette Solid Women Dupatta,0.0
2026-06-22,SKU:matifa-blk-crm-pk2,DUPHH7HPHPT3J7GG,MATIFA Georgette Solid Women Dupatta,0.0
2026-06-29,SKU:matifa-blk-crm-pk2,DUPHH7HPHPT3J7GG,MATIFA Georgette Solid Women Dupatta,0.0
2026-07-06,SKU:matifa-blk-crm-pk2,DUPHH7HPHPT3J7GG,MATIFA Georgette Solid Women Dupatta,0.0
2026-07-13,SKU:matifa-blk-crm-pk2,DUPHH7HPHPT3J7GG,MATIFA Georgette Solid Women Dupatta,0.0
2026-07-20,SKU:matifa-blk-crm-pk2,DUPHH7HPHPT3J7GG,MATIFA Georgette Solid Women Dupatta,0.0
2026-07-27,SKU:matifa-blk-crm-pk2,DUPHH7HPHPT3J7GG,MATIFA Georgette Solid Women Dupatta,0.0
2026-08-03,SKU:matifa-blk-crm-pk2,DUPHH7HPHPT3J7GG,MATIFA Georgette Solid Women Dupatta,0.0
2026-08-10,SKU:matifa-blk-crm-pk2,DUPHH7HPHPT3J7GG,MATIFA Georgette Solid Women Dupatta,0.0
2026-08-17,SKU:matifa-blk-crm-pk2,DUPHH7HPHPT3J7GG,MATIFA Georgette Solid Women Dupatta,0.0
2026-08-24,SKU:matifa-blk-crm-pk2,DUPHH7HPHPT3J7GG,MATIFA Georgette Solid Women Dupatta,2.0
2026-08-31,SKU:matifa-blk-crm-pk2,DUPHH7HPHPT3J7GG,MATIFA Georgette Solid Women Dupatta,1.0
2026-04-06,SKU:matifa-mrn-blk-pk2,DUPHJHJZSVFFSCRE,MATIFA Georgette Solid Women Dupatta,2.0
2026-04-13,SKU:matifa-mrn-blk-pk2,DUPHJHJZSVFFSCRE,MATIFA Georgette Solid Women Dupatta,1.0
2026-04-20,SKU:matifa-mrn-blk-pk2,DUPHJHJZSVFFSCRE,MATIFA Georgette Solid Women Dupatta,2.0
2026-04-27,SKU:matifa-mrn-blk-pk2,DUPHJHJZSVFFSCRE,MATIFA Georgette Solid Women Dupatta,6.0
2026-05-04,SKU:matifa-mrn-blk-pk2,DUPHJHJZSVFFSCRE,MATIFA Georgette Solid Women Dupatta,0.0
2026-05-11,SKU:matifa-mrn-blk-pk2,DUPHJHJZSVFFSCRE,MATIFA Georgette Solid Women Dupatta,0.0
2026-05-18,SKU:matifa-mrn-blk-pk2,DUPHJHJZSVFFSCRE,MATIFA Georgette Solid Women Dupatta,0.0
2026-05-25,SKU:matifa-mrn-blk-pk2,DUPHJHJZSVFFSCRE,MATIFA Georgette Solid Women Dupatta,0.0
2026-06-01,SKU:matifa-mrn-blk-pk2,DUPHJHJZSVFFSCRE,MATIFA Georgette Solid Women Dupatta,0.0
2026-06-08,SKU:matifa-mrn-blk-pk2,DUPHJHJZSVFFSCRE,MATIFA Georgette Solid Women Dupatta,0.0
2026-06-15,SKU:matifa-mrn-blk-pk2,DUPHJHJZSVFFSCRE,MATIFA Georgette Solid Women Dupatta,0.0
2026-06-22,SKU:matifa-mrn-blk-pk2,DUPHJHJZSVFFSCRE,MATIFA Georgette Solid Women Dupatta,0.0
2026-06-29,SKU:matifa-mrn-blk-pk2,DUPHJHJZSVFFSCRE,MATIFA Georgette Solid Women Dupatta,0.0
2026-07-06,SKU:matifa-mrn-blk-pk2,DUPHJHJZSVFFSCRE,MATIFA Georgette Solid Women Dupatta,0.0
2026-07-13,SKU:matifa-mrn-blk-pk2,DUPHJHJZSVFFSCRE,MATIFA Georgette Solid Women Dupatta,0.0
2026-07-20,SKU:matifa-mrn-blk-pk2,DUPHJHJZSVFFSCRE,MATIFA Georgette Solid Women Dupatta,0.0
2026-07-27,SKU:matifa-mrn-blk-pk2,DUPHJHJZSVFFSCRE,MATIFA Georgette Solid Women Dupatta,0.0
2026-08-03,SKU:matifa-mrn-blk-pk2,DUPHJHJZSVFFSCRE,MATIFA Georgette Solid Women Dupatta,0.0
2026-08-10,SKU:matifa-mrn-blk-pk2,DUPHJHJZSVFFSCRE,MATIFA Georgette Solid Women Dupatta,1.0
2026-08-17,SKU:matifa-mrn-blk-pk2,DUPHJHJZSVFFSCRE,MATIFA Georgette Solid Women Dupatta,9.0
2026-08-24,SKU:matifa-mrn-blk-pk2,DUPHJHJZSVFFSCRE,MATIFA Georgette Solid Women Dupatta,4.0
2026-08-31,SKU:matifa-mrn-blk-pk2,DUPHJHJZSVFFSCRE,MATIFA Georgette Solid Women Dupatta,9.0
2026-05-04,SKU:matifa-nvy-mrn-pk2,DUPHHFSYZGTRZ7QE,MATIFA Georgette Solid Women Dupatta,1.0
2026-05-11,SKU:matifa-nvy-mrn-pk2,DUPHHFSYZGTRZ7QE,MATIFA Georgette Solid Women Dupatta,0.0
2026-05-18,SKU:matifa-nvy-mrn-pk2,DUPHHFSYZGTRZ7QE,MATIFA Georgette Solid Women Dupatta,0.0
2026-05-25,SKU:matifa-nvy-mrn-pk2,DUPHHFSYZGTRZ7QE,MATIFA Georgette Solid Women Dupatta,0.0
2026-06-01,SKU:matifa-nvy-mrn-pk2,DUPHHFSYZGTRZ7QE,MATIFA Georgette Solid Women Dupatta,0.0
2026-06-08,SKU:matifa-nvy-mrn-pk2,DUPHHFSYZGTRZ7QE,MATIFA Georgette Solid Women Dupatta,0.0
2026-06-15,SKU:matifa-nvy-mrn-pk2,DUPHHFSYZGTRZ7QE,MATIFA Georgette Solid Women Dupatta,0.0
2026-06-22,SKU:matifa-nvy-mrn-pk2,DUPHHFSYZGTRZ7QE,MATIFA Georgette Solid Women Dupatta,0.0
2026-06-29,SKU:matifa-nvy-mrn-pk2,DUPHHFSYZGTRZ7QE,MATIFA Georgette Solid Women Dupatta,0.0
2026-07-06,SKU:matifa-nvy-mrn-pk2,DUPHHFSYZGTRZ7QE,MATIFA Georgette Solid Women Dupatta,0.0
2026-07-13,SKU:matifa-nvy-mrn-pk2,DUPHHFSYZGTRZ7QE,MATIFA Georgette Solid Women Dupatta,0.0
2026-07-20,SKU:matifa-nvy-mrn-pk2,DUPHHFSYZGTRZ7QE,MATIFA Georgette Solid Women Dupatta,0.0
2026-07-27,SKU:matifa-nvy-mrn-pk2,DUPHHFSYZGTRZ7QE,MATIFA Georgette Solid Women Dupatta,0.0
2026-08-03,SKU:matifa-nvy-mrn-pk2,DUPHHFSYZGTRZ7QE,MATIFA Georgette Solid Women Dupatta,0.0
2026-08-10,SKU:matifa-nvy-mrn-pk2,DUPHHFSYZGTRZ7QE,MATIFA Georgette Solid Women Dupatta,0.0
2026-08-17,SKU:matifa-nvy-mrn-pk2,DUPHHFSYZGTRZ7QE,MATIFA Georgette Solid Women Dupatta,1.0
2026-08-24,SKU:matifa-nvy-mrn-pk2,DUPHHFSYZGTRZ7QE,MATIFA Georgette Solid Women Dupatta,1.0
2026-08-31,SKU:matifa-nvy-mrn-pk2,DUPHHFSYZGTRZ7QE,MATIFA Georgette Solid Women Dupatta,0.0
2026-04-13,SKU:matifa-wht-pk2,DUPHJFHMWHGTJHNV,MATIFA Georgette Solid Women Dupatta,1.0
2026-04-20,SKU:matifa-wht-pk2,DUPHJFHMWHGTJHNV,MATIFA Georgette Solid Women Dupatta,2.0
2026-04-27,SKU:matifa-wht-pk2,DUPHJFHMWHGTJHNV,MATIFA Georgette Solid Women Dupatta,5.0
2026-05-04,SKU:matifa-wht-pk2,DUPHJFHMWHGTJHNV,MATIFA Georgette Solid Women Dupatta,0.0
2026-05-11,SKU:matifa-wht-pk2,DUPHJFHMWHGTJHNV,MATIFA Georgette Solid Women Dupatta,0.0
2026-05-18,SKU:matifa-wht-pk2,DUPHJFHMWHGTJHNV,MATIFA Georgette Solid Women Dupatta,1.0
2026-05-25,SKU:matifa-wht-pk2,DUPHJFHMWHGTJHNV,MATIFA Georgette Solid Women Dupatta,0.0
2026-06-01,SKU:matifa-wht-pk2,DUPHJFHMWHGTJHNV,MATIFA Georgette Solid Women Dupatta,0.0
2026-06-08,SKU:matifa-wht-pk2,DUPHJFHMWHGTJHNV,MATIFA Georgette Solid Women Dupatta,0.0
2026-06-15,SKU:matifa-wht-pk2,DUPHJFHMWHGTJHNV,MATIFA Georgette Solid Women Dupatta,0.0
2026-06-22,SKU:matifa-wht-pk2,DUPHJFHMWHGTJHNV,MATIFA Georgette Solid Women Dupatta,0.0
2026-06-29,SKU:matifa-wht-pk2,DUPHJFHMWHGTJHNV,MATIFA Georgette Solid Women Dupatta,1.0
2026-07-06,SKU:matifa-wht-pk2,DUPHJFHMWHGTJHNV,MATIFA Georgette Solid Women Dupatta,1.0
2026-07-13,SKU:matifa-wht-pk2,DUPHJFHMWHGTJHNV,MATIFA Georgette Solid Women Dupatta,1.0
2026-07-20,SKU:matifa-wht-pk2,DUPHJFHMWHGTJHNV,MATIFA Georgette Solid Women Dupatta,1.0
2026-07-27,SKU:matifa-wht-pk2,DUPHJFHMWHGTJHNV,MATIFA Georgette Solid Women Dupatta,0.0
2026-08-03,SKU:matifa-wht-pk2,DUPHJFHMWHGTJHNV,MATIFA Georgette Solid Women Dupatta,0.0
2026-08-10,SKU:matifa-wht-pk2,DUPHJFHMWHGTJHNV,MATIFA Georgette Solid Women Dupatta,0.0
2026-08-17,SKU:matifa-wht-pk2,DUPHJFHMWHGTJHNV,MATIFA Georgette Solid Women Dupatta,0.0
2026-08-24,SKU:matifa-wht-pk2,DUPHJFHMWHGTJHNV,MATIFA Georgette Solid Women Dupatta,0.0
2026-08-31,SKU:matifa-wht-pk2,DUPHJFHMWHGTJHNV,MATIFA Georgette Solid Women Dupatta,0.0
2026-05-04,SKU:mp-hbf-wht-1pk,SCFGQ26FZ4MEWWKA,Habibisfashion Solid Georgette Women Scarf  Fancy Scarf  Stole,1.0
2026-05-11,SKU:mp-hbf-wht-1pk,SCFGQ26FZ4MEWWKA,Habibisfashion Solid Georgette Women Scarf  Fancy Scarf  Stole,0.0
2026-05-18,SKU:mp-hbf-wht-1pk,SCFGQ26FZ4MEWWKA,Habibisfashion Solid Georgette Women Scarf  Fancy Scarf  Stole,0.0
2026-05-25,SKU:mp-hbf-wht-1pk,SCFGQ26FZ4MEWWKA,Habibisfashion Solid Georgette Women Scarf  Fancy Scarf  Stole,0.0
2026-06-01,SKU:mp-hbf-wht-1pk,SCFGQ26FZ4MEWWKA,Habibisfashion Solid Georgette Women Scarf  Fancy Scarf  Stole,0.0
2026-06-08,SKU:mp-hbf-wht-1pk,SCFGQ26FZ4MEWWKA,Habibisfashion Solid Georgette Women Scarf  Fancy Scarf  Stole,0.0
2026-06-15,SKU:mp-hbf-wht-1pk,SCFGQ26FZ4MEWWKA,Habibisfashion Solid Georgette Women Scarf  Fancy Scarf  Stole,0.0
2026-06-22,SKU:mp-hbf-wht-1pk,SCFGQ26FZ4MEWWKA,Habibisfashion Solid Georgette Women Scarf  Fancy Scarf  Stole,0.0
2026-06-29,SKU:mp-hbf-wht-1pk,SCFGQ26FZ4MEWWKA,Habibisfashion Solid Georgette Women Scarf  Fancy Scarf  Stole,0.0
2026-07-06,SKU:mp-hbf-wht-1pk,SCFGQ26FZ4MEWWKA,Habibisfashion Solid Georgette Women Scarf  Fancy Scarf  Stole,0.0
2026-07-13,SKU:mp-hbf-wht-1pk,SCFGQ26FZ4MEWWKA,Habibisfashion Solid Georgette Women Scarf  Fancy Scarf  Stole,0.0
2026-07-20,SKU:mp-hbf-wht-1pk,SCFGQ26FZ4MEWWKA,Habibisfashion Solid Georgette Women Scarf  Fancy Scarf  Stole,0.0
2026-07-27,SKU:mp-hbf-wht-1pk,SCFGQ26FZ4MEWWKA,Habibisfashion Solid Georgette Women Scarf  Fancy Scarf  Stole,2.0
2026-08-03,SKU:mp-hbf-wht-1pk,SCFGQ26FZ4MEWWKA,Habibisfashion Solid Georgette Women Scarf  Fancy Scarf  Stole,3.0
2026-08-10,SKU:mp-hbf-wht-1pk,SCFGQ26FZ4MEWWKA,Habibisfashion Solid Georgette Women Scarf  Fancy Scarf  Stole,5.0
2026-08-17,SKU:mp-hbf-wht-1pk,SCFGQ26FZ4MEWWKA,Habibisfashion Solid Georgette Women Scarf  Fancy Scarf  Stole,3.0
2026-08-24,SKU:mp-hbf-wht-1pk,SCFGQ26FZ4MEWWKA,Habibisfashion Solid Georgette Women Scarf  Fancy Scarf  Stole,0.0
2026-08-31,SKU:mp-hbf-wht-1pk,SCFGQ26FZ4MEWWKA,Habibisfashion Solid Georgette Women Scarf  Fancy Scarf  Stole,5.0
2025-12-15,SKU:navy p1,DUPHCNGYMBHSS4PH,Mehsha Chiffon Solid Women Dupatta,7.0
2025-12-22,SKU:navy p1,DUPHCNGYMBHSS4PH,Mehsha Chiffon Solid Women Dupatta,10.0
2025-12-29,SKU:navy p1,DUPHCNGYMBHSS4PH,Mehsha Chiffon Solid Women Dupatta,7.0
2026-01-05,SKU:navy p1,DUPHCNGYMBHSS4PH,Mehsha Chiffon Solid Women Dupatta,8.0
2026-01-12,SKU:navy p1,DUPHCNGYMBHSS4PH,Mehsha Chiffon Solid Women Dupatta,7.0
2026-01-19,SKU:navy p1,DUPHCNGYMBHSS4PH,Mehsha Chiffon Solid Women Dupatta,5.0
2026-01-26,SKU:navy p1,DUPHCNGYMBHSS4PH,Mehsha Chiffon Solid Women Dupatta,1.0
2026-02-02,SKU:navy p1,DUPHCNGYMBHSS4PH,Mehsha Chiffon Solid Women Dupatta,0.0
2026-02-09,SKU:navy p1,DUPHCNGYMBHSS4PH,Mehsha Chiffon Solid Women Dupatta,3.0
2026-02-16,SKU:navy p1,DUPHCNGYMBHSS4PH,Mehsha Chiffon Solid Women Dupatta,0.0
2026-02-23,SKU:navy p1,DUPHCNGYMBHSS4PH,Mehsha Chiffon Solid Women Dupatta,1.0
2026-03-02,SKU:navy p1,DUPHCNGYMBHSS4PH,Mehsha Chiffon Solid Women Dupatta,4.0
2026-03-09,SKU:navy p1,DUPHCNGYMBHSS4PH,Mehsha Chiffon Solid Women Dupatta,11.0
2026-03-16,SKU:navy p1,DUPHCNGYMBHSS4PH,Mehsha Chiffon Solid Women Dupatta,3.0
2026-03-23,SKU:navy p1,DUPHCNGYMBHSS4PH,Mehsha Chiffon Solid Women Dupatta,4.0
2026-03-30,SKU:navy p1,DUPHCNGYMBHSS4PH,Mehsha Chiffon Solid Women Dupatta,11.0
2026-04-06,SKU:navy p1,DUPHCNGYMBHSS4PH,Mehsha Chiffon Solid Women Dupatta,5.0
2026-04-13,SKU:navy p1,DUPHCNGYMBHSS4PH,Mehsha Chiffon Solid Women Dupatta,0.0
2026-04-20,SKU:navy p1,DUPHCNGYMBHSS4PH,Mehsha Chiffon Solid Women Dupatta,2.0
2026-04-27,SKU:navy p1,DUPHCNGYMBHSS4PH,Mehsha Chiffon Solid Women Dupatta,2.0
2026-05-04,SKU:navy p1,DUPHCNGYMBHSS4PH,Mehsha Chiffon Solid Women Dupatta,6.0
2026-05-11,SKU:navy p1,DUPHCNGYMBHSS4PH,Mehsha Chiffon Solid Women Dupatta,7.0
2026-05-18,SKU:navy p1,DUPHCNGYMBHSS4PH,Mehsha Chiffon Solid Women Dupatta,8.0
2026-05-25,SKU:navy p1,DUPHCNGYMBHSS4PH,Mehsha Chiffon Solid Women Dupatta,0.0
2026-06-01,SKU:navy p1,DUPHCNGYMBHSS4PH,Mehsha Chiffon Solid Women Dupatta,0.0
2026-06-08,SKU:navy p1,DUPHCNGYMBHSS4PH,Mehsha Chiffon Solid Women Dupatta,0.0
2026-06-15,SKU:navy p1,DUPHCNGYMBHSS4PH,Mehsha Chiffon Solid Women Dupatta,1.0
2026-06-22,SKU:navy p1,DUPHCNGYMBHSS4PH,Mehsha Chiffon Solid Women Dupatta,3.0
2026-06-29,SKU:navy p1,DUPHCNGYMBHSS4PH,Mehsha Chiffon Solid Women Dupatta,2.0
2026-07-06,SKU:navy p1,DUPHCNGYMBHSS4PH,Mehsha Chiffon Solid Women Dupatta,1.0
2026-07-13,SKU:navy p1,DUPHCNGYMBHSS4PH,Mehsha Chiffon Solid Women Dupatta,2.0
2026-07-20,SKU:navy p1,DUPHCNGYMBHSS4PH,Mehsha Chiffon Solid Women Dupatta,0.0
2026-07-27,SKU:navy p1,DUPHCNGYMBHSS4PH,Mehsha Chiffon Solid Women Dupatta,0.0
2026-08-03,SKU:navy p1,DUPHCNGYMBHSS4PH,Mehsha Chiffon Solid Women Dupatta,0.0
2026-08-10,SKU:navy p1,DUPHCNGYMBHSS4PH,Mehsha Chiffon Solid Women Dupatta,0.0
2026-08-17,SKU:navy p1,DUPHCNGYMBHSS4PH,Mehsha Chiffon Solid Women Dupatta,2.0
2026-08-24,SKU:navy p1,DUPHCNGYMBHSS4PH,Mehsha Chiffon Solid Women Dupatta,2.0
2026-08-31,SKU:navy p1,DUPHCNGYMBHSS4PH,Mehsha Chiffon Solid Women Dupatta,0.0
2025-12-15,SKU:navy p2,DUPHCNGYCZBTGRMQ,Mehsha Chiffon Solid Women Dupatta,1.0
2025-12-22,SKU:navy p2,DUPHCNGYCZBTGRMQ,Mehsha Chiffon Solid Women Dupatta,0.0
2025-12-29,SKU:navy p2,DUPHCNGYCZBTGRMQ,Mehsha Chiffon Solid Women Dupatta,0.0
2026-01-05,SKU:navy p2,DUPHCNGYCZBTGRMQ,Mehsha Chiffon Solid Women Dupatta,1.0
2026-01-12,SKU:navy p2,DUPHCNGYCZBTGRMQ,Mehsha Chiffon Solid Women Dupatta,0.0
2026-01-19,SKU:navy p2,DUPHCNGYCZBTGRMQ,Mehsha Chiffon Solid Women Dupatta,1.0
2026-01-26,SKU:navy p2,DUPHCNGYCZBTGRMQ,Mehsha Chiffon Solid Women Dupatta,0.0
2026-02-02,SKU:navy p2,DUPHCNGYCZBTGRMQ,Mehsha Chiffon Solid Women Dupatta,0.0
2026-02-09,SKU:navy p2,DUPHCNGYCZBTGRMQ,Mehsha Chiffon Solid Women Dupatta,0.0
2026-02-16,SKU:navy p2,DUPHCNGYCZBTGRMQ,Mehsha Chiffon Solid Women Dupatta,0.0
2026-02-23,SKU:navy p2,DUPHCNGYCZBTGRMQ,Mehsha Chiffon Solid Women Dupatta,0.0
2026-03-02,SKU:navy p2,DUPHCNGYCZBTGRMQ,Mehsha Chiffon Solid Women Dupatta,0.0
2026-03-09,SKU:navy p2,DUPHCNGYCZBTGRMQ,Mehsha Chiffon Solid Women Dupatta,0.0
2026-03-16,SKU:navy p2,DUPHCNGYCZBTGRMQ,Mehsha Chiffon Solid Women Dupatta,0.0
2026-03-23,SKU:navy p2,DUPHCNGYCZBTGRMQ,Mehsha Chiffon Solid Women Dupatta,0.0
2026-03-30,SKU:navy p2,DUPHCNGYCZBTGRMQ,Mehsha Chiffon Solid Women Dupatta,0.0
2026-04-06,SKU:navy p2,DUPHCNGYCZBTGRMQ,Mehsha Chiffon Solid Women Dupatta,0.0
2026-04-13,SKU:navy p2,DUPHCNGYCZBTGRMQ,Mehsha Chiffon Solid Women Dupatta,0.0
2026-04-20,SKU:navy p2,DUPHCNGYCZBTGRMQ,Mehsha Chiffon Solid Women Dupatta,0.0
2026-04-27,SKU:navy p2,DUPHCNGYCZBTGRMQ,Mehsha Chiffon Solid Women Dupatta,0.0
2026-05-04,SKU:navy p2,DUPHCNGYCZBTGRMQ,Mehsha Chiffon Solid Women Dupatta,0.0
2026-05-11,SKU:navy p2,DUPHCNGYCZBTGRMQ,Mehsha Chiffon Solid Women Dupatta,0.0
2026-05-18,SKU:navy p2,DUPHCNGYCZBTGRMQ,Mehsha Chiffon Solid Women Dupatta,0.0
2026-05-25,SKU:navy p2,DUPHCNGYCZBTGRMQ,Mehsha Chiffon Solid Women Dupatta,0.0
2026-06-01,SKU:navy p2,DUPHCNGYCZBTGRMQ,Mehsha Chiffon Solid Women Dupatta,0.0
2026-06-08,SKU:navy p2,DUPHCNGYCZBTGRMQ,Mehsha Chiffon Solid Women Dupatta,0.0
2026-06-15,SKU:navy p2,DUPHCNGYCZBTGRMQ,Mehsha Chiffon Solid Women Dupatta,0.0
2026-06-22,SKU:navy p2,DUPHCNGYCZBTGRMQ,Mehsha Chiffon Solid Women Dupatta,0.0
2026-06-29,SKU:navy p2,DUPHCNGYCZBTGRMQ,Mehsha Chiffon Solid Women Dupatta,0.0
2026-07-06,SKU:navy p2,DUPHCNGYCZBTGRMQ,Mehsha Chiffon Solid Women Dupatta,2.0
2026-07-13,SKU:navy p2,DUPHCNGYCZBTGRMQ,Mehsha Chiffon Solid Women Dupatta,3.0
2026-07-20,SKU:navy p2,DUPHCNGYCZBTGRMQ,Mehsha Chiffon Solid Women Dupatta,0.0
2026-07-27,SKU:navy p2,DUPHCNGYCZBTGRMQ,Mehsha Chiffon Solid Women Dupatta,0.0
2026-08-03,SKU:navy p2,DUPHCNGYCZBTGRMQ,Mehsha Chiffon Solid Women Dupatta,0.0
2026-08-10,SKU:navy p2,DUPHCNGYCZBTGRMQ,Mehsha Chiffon Solid Women Dupatta,0.0
2026-08-17,SKU:navy p2,DUPHCNGYCZBTGRMQ,Mehsha Chiffon Solid Women Dupatta,0.0
2026-08-24,SKU:navy p2,DUPHCNGYCZBTGRMQ,Mehsha Chiffon Solid Women Dupatta,0.0
2026-08-31,SKU:navy p2,DUPHCNGYCZBTGRMQ,Mehsha Chiffon Solid Women Dupatta,0.0
2025-12-29,SKU:navy p3,DUPHCNGY67VKHFJ2,Mehsha Chiffon Solid Women Dupatta,1.0
2026-01-05,SKU:navy p3,DUPHCNGY67VKHFJ2,Mehsha Chiffon Solid Women Dupatta,0.0
2026-01-12,SKU:navy p3,DUPHCNGY67VKHFJ2,Mehsha Chiffon Solid Women Dupatta,0.0
2026-01-19,SKU:navy p3,DUPHCNGY67VKHFJ2,Mehsha Chiffon Solid Women Dupatta,2.0
2026-01-26,SKU:navy p3,DUPHCNGY67VKHFJ2,Mehsha Chiffon Solid Women Dupatta,0.0
2026-02-02,SKU:navy p3,DUPHCNGY67VKHFJ2,Mehsha Chiffon Solid Women Dupatta,0.0
2026-02-09,SKU:navy p3,DUPHCNGY67VKHFJ2,Mehsha Chiffon Solid Women Dupatta,0.0
2026-02-16,SKU:navy p3,DUPHCNGY67VKHFJ2,Mehsha Chiffon Solid Women Dupatta,0.0
2026-02-23,SKU:navy p3,DUPHCNGY67VKHFJ2,Mehsha Chiffon Solid Women Dupatta,0.0
2026-03-02,SKU:navy p3,DUPHCNGY67VKHFJ2,Mehsha Chiffon Solid Women Dupatta,0.0
2026-03-09,SKU:navy p3,DUPHCNGY67VKHFJ2,Mehsha Chiffon Solid Women Dupatta,0.0
2026-03-16,SKU:navy p3,DUPHCNGY67VKHFJ2,Mehsha Chiffon Solid Women Dupatta,0.0
2026-03-23,SKU:navy p3,DUPHCNGY67VKHFJ2,Mehsha Chiffon Solid Women Dupatta,0.0
2026-03-30,SKU:navy p3,DUPHCNGY67VKHFJ2,Mehsha Chiffon Solid Women Dupatta,0.0
2026-04-06,SKU:navy p3,DUPHCNGY67VKHFJ2,Mehsha Chiffon Solid Women Dupatta,0.0
2026-04-13,SKU:navy p3,DUPHCNGY67VKHFJ2,Mehsha Chiffon Solid Women Dupatta,0.0
2026-04-20,SKU:navy p3,DUPHCNGY67VKHFJ2,Mehsha Chiffon Solid Women Dupatta,0.0
2026-04-27,SKU:navy p3,DUPHCNGY67VKHFJ2,Mehsha Chiffon Solid Women Dupatta,0.0
2026-05-04,SKU:navy p3,DUPHCNGY67VKHFJ2,Mehsha Chiffon Solid Women Dupatta,0.0
2026-05-11,SKU:navy p3,DUPHCNGY67VKHFJ2,Mehsha Chiffon Solid Women Dupatta,0.0
2026-05-18,SKU:navy p3,DUPHCNGY67VKHFJ2,Mehsha Chiffon Solid Women Dupatta,0.0
2026-05-25,SKU:navy p3,DUPHCNGY67VKHFJ2,Mehsha Chiffon Solid Women Dupatta,0.0
2026-06-01,SKU:navy p3,DUPHCNGY67VKHFJ2,Mehsha Chiffon Solid Women Dupatta,0.0
2026-06-08,SKU:navy p3,DUPHCNGY67VKHFJ2,Mehsha Chiffon Solid Women Dupatta,0.0
2026-06-15,SKU:navy p3,DUPHCNGY67VKHFJ2,Mehsha Chiffon Solid Women Dupatta,0.0
2026-06-22,SKU:navy p3,DUPHCNGY67VKHFJ2,Mehsha Chiffon Solid Women Dupatta,0.0
2026-06-29,SKU:navy p3,DUPHCNGY67VKHFJ2,Mehsha Chiffon Solid Women Dupatta,0.0
2026-07-06,SKU:navy p3,DUPHCNGY67VKHFJ2,Mehsha Chiffon Solid Women Dupatta,0.0
2026-07-13,SKU:navy p3,DUPHCNGY67VKHFJ2,Mehsha Chiffon Solid Women Dupatta,0.0
2026-07-20,SKU:navy p3,DUPHCNGY67VKHFJ2,Mehsha Chiffon Solid Women Dupatta,0.0
2026-07-27,SKU:navy p3,DUPHCNGY67VKHFJ2,Mehsha Chiffon Solid Women Dupatta,0.0
2026-08-03,SKU:navy p3,DUPHCNGY67VKHFJ2,Mehsha Chiffon Solid Women Dupatta,0.0
2026-08-10,SKU:navy p3,DUPHCNGY67VKHFJ2,Mehsha Chiffon Solid Women Dupatta,0.0
2026-08-17,SKU:navy p3,DUPHCNGY67VKHFJ2,Mehsha Chiffon Solid Women Dupatta,0.0
2026-08-24,SKU:navy p3,DUPHCNGY67VKHFJ2,Mehsha Chiffon Solid Women Dupatta,0.0
2026-08-31,SKU:navy p3,DUPHCNGY67VKHFJ2,Mehsha Chiffon Solid Women Dupatta,0.0
2025-12-15,SKU:peach pack 1,DUPHEBGQZYJKZTCA,Mehsha Chiffon Solid Women Dupatta,3.0
2025-12-22,SKU:peach pack 1,DUPHEBGQZYJKZTCA,Mehsha Chiffon Solid Women Dupatta,2.0
2025-12-29,SKU:peach pack 1,DUPHEBGQZYJKZTCA,Mehsha Chiffon Solid Women Dupatta,0.0
2026-01-05,SKU:peach pack 1,DUPHEBGQZYJKZTCA,Mehsha Chiffon Solid Women Dupatta,0.0
2026-01-12,SKU:peach pack 1,DUPHEBGQZYJKZTCA,Mehsha Chiffon Solid Women Dupatta,0.0
2026-01-19,SKU:peach pack 1,DUPHEBGQZYJKZTCA,Mehsha Georgette Solid Women Dupatta,2.0
2026-01-26,SKU:peach pack 1,DUPHEBGQZYJKZTCA,Mehsha Georgette Solid Women Dupatta,2.0
2026-02-02,SKU:peach pack 1,DUPHEBGQZYJKZTCA,Mehsha Georgette Solid Women Dupatta,0.0
2026-02-09,SKU:peach pack 1,DUPHEBGQZYJKZTCA,Mehsha Georgette Solid Women Dupatta,7.0
2026-02-16,SKU:peach pack 1,DUPHEBGQZYJKZTCA,Mehsha Georgette Solid Women Dupatta,6.0
2026-02-23,SKU:peach pack 1,DUPHEBGQZYJKZTCA,Mehsha Georgette Solid Women Dupatta,4.0
2026-03-02,SKU:peach pack 1,DUPHEBGQZYJKZTCA,Mehsha Georgette Solid Women Dupatta,6.0
2026-03-09,SKU:peach pack 1,DUPHEBGQZYJKZTCA,Mehsha Georgette Solid Women Dupatta,3.0
2026-03-16,SKU:peach pack 1,DUPHEBGQZYJKZTCA,Mehsha Georgette Solid Women Dupatta,0.0
2026-03-23,SKU:peach pack 1,DUPHEBGQZYJKZTCA,Mehsha Georgette Solid Women Dupatta,1.0
2026-03-30,SKU:peach pack 1,DUPHEBGQZYJKZTCA,Mehsha Georgette Solid Women Dupatta,0.0
2026-04-06,SKU:peach pack 1,DUPHEBGQZYJKZTCA,Mehsha Georgette Solid Women Dupatta,1.0
2026-04-13,SKU:peach pack 1,DUPHEBGQZYJKZTCA,Mehsha Georgette Solid Women Dupatta,0.0
2026-04-20,SKU:peach pack 1,DUPHEBGQZYJKZTCA,Mehsha Georgette Solid Women Dupatta,0.0
2026-04-27,SKU:peach pack 1,DUPHEBGQZYJKZTCA,Mehsha Georgette Solid Women Dupatta,0.0
2026-05-04,SKU:peach pack 1,DUPHEBGQZYJKZTCA,Mehsha Georgette Solid Women Dupatta,0.0
2026-05-11,SKU:peach pack 1,DUPHEBGQZYJKZTCA,Mehsha Georgette Solid Women Dupatta,0.0
2026-05-18,SKU:peach pack 1,DUPHEBGQZYJKZTCA,Mehsha Georgette Solid Women Dupatta,0.0
2026-05-25,SKU:peach pack 1,DUPHEBGQZYJKZTCA,Mehsha Georgette Solid Women Dupatta,0.0
2026-06-01,SKU:peach pack 1,DUPHEBGQZYJKZTCA,Mehsha Georgette Solid Women Dupatta,0.0
2026-06-08,SKU:peach pack 1,DUPHEBGQZYJKZTCA,Mehsha Georgette Solid Women Dupatta,0.0
2026-06-15,SKU:peach pack 1,DUPHEBGQZYJKZTCA,Mehsha Georgette Solid Women Dupatta,0.0
2026-06-22,SKU:peach pack 1,DUPHEBGQZYJKZTCA,Mehsha Georgette Solid Women Dupatta,0.0
2026-06-29,SKU:peach pack 1,DUPHEBGQZYJKZTCA,Mehsha Georgette Solid Women Dupatta,0.0
2026-07-06,SKU:peach pack 1,DUPHEBGQZYJKZTCA,Mehsha Georgette Solid Women Dupatta,0.0
2026-07-13,SKU:peach pack 1,DUPHEBGQZYJKZTCA,Mehsha Georgette Solid Women Dupatta,0.0
2026-07-20,SKU:peach pack 1,DUPHEBGQZYJKZTCA,Mehsha Georgette Solid Women Dupatta,0.0
2026-07-27,SKU:peach pack 1,DUPHEBGQZYJKZTCA,Mehsha Georgette Solid Women Dupatta,0.0
2026-08-03,SKU:peach pack 1,DUPHEBGQZYJKZTCA,Mehsha Georgette Solid Women Dupatta,0.0
2026-08-10,SKU:peach pack 1,DUPHEBGQZYJKZTCA,Mehsha Georgette Solid Women Dupatta,0.0
2026-08-17,SKU:peach pack 1,DUPHEBGQZYJKZTCA,Mehsha Georgette Solid Women Dupatta,0.0
2026-08-24,SKU:peach pack 1,DUPHEBGQZYJKZTCA,Mehsha Georgette Solid Women Dupatta,0.0
2026-08-31,SKU:peach pack 1,DUPHEBGQZYJKZTCA,Mehsha Georgette Solid Women Dupatta,0.0
2025-12-15,SKU:sky blue pack 1,DUPHCTQ4FCZUDHGP,Mehsha Chiffon Solid Women Dupatta,3.0
2025-12-22,SKU:sky blue pack 1,DUPHCTQ4FCZUDHGP,Mehsha Chiffon Solid Women Dupatta,0.0
2025-12-29,SKU:sky blue pack 1,DUPHCTQ4FCZUDHGP,Mehsha Chiffon Solid Women Dupatta,0.0
2026-01-05,SKU:sky blue pack 1,DUPHCTQ4FCZUDHGP,Mehsha Chiffon Solid Women Dupatta,0.0
2026-01-12,SKU:sky blue pack 1,DUPHCTQ4FCZUDHGP,Mehsha Chiffon Solid Women Dupatta,0.0
2026-01-19,SKU:sky blue pack 1,DUPHCTQ4FCZUDHGP,Mehsha Chiffon Solid Women Dupatta,0.0
2026-01-26,SKU:sky blue pack 1,DUPHCTQ4FCZUDHGP,Mehsha Chiffon Solid Women Dupatta,0.0
2026-02-02,SKU:sky blue pack 1,DUPHCTQ4FCZUDHGP,Mehsha Chiffon Solid Women Dupatta,0.0
2026-02-09,SKU:sky blue pack 1,DUPHCTQ4FCZUDHGP,Mehsha Chiffon Solid Women Dupatta,0.0
2026-02-16,SKU:sky blue pack 1,DUPHCTQ4FCZUDHGP,Mehsha Chiffon Solid Women Dupatta,0.0
2026-02-23,SKU:sky blue pack 1,DUPHCTQ4FCZUDHGP,Mehsha Chiffon Solid Women Dupatta,0.0
2026-03-02,SKU:sky blue pack 1,DUPHCTQ4FCZUDHGP,Mehsha Chiffon Solid Women Dupatta,0.0
2026-03-09,SKU:sky blue pack 1,DUPHCTQ4FCZUDHGP,Mehsha Chiffon Solid Women Dupatta,0.0
2026-03-16,SKU:sky blue pack 1,DUPHCTQ4FCZUDHGP,Mehsha Chiffon Solid Women Dupatta,0.0
2026-03-23,SKU:sky blue pack 1,DUPHCTQ4FCZUDHGP,Mehsha Chiffon Solid Women Dupatta,0.0
2026-03-30,SKU:sky blue pack 1,DUPHCTQ4FCZUDHGP,Mehsha Chiffon Solid Women Dupatta,0.0
2026-04-06,SKU:sky blue pack 1,DUPHCTQ4FCZUDHGP,Mehsha Chiffon Solid Women Dupatta,0.0
2026-04-13,SKU:sky blue pack 1,DUPHCTQ4FCZUDHGP,Mehsha Chiffon Solid Women Dupatta,0.0
2026-04-20,SKU:sky blue pack 1,DUPHCTQ4FCZUDHGP,Mehsha Chiffon Solid Women Dupatta,0.0
2026-04-27,SKU:sky blue pack 1,DUPHCTQ4FCZUDHGP,Mehsha Chiffon Solid Women Dupatta,0.0
2026-05-04,SKU:sky blue pack 1,DUPHCTQ4FCZUDHGP,Mehsha Chiffon Solid Women Dupatta,0.0
2026-05-11,SKU:sky blue pack 1,DUPHCTQ4FCZUDHGP,Mehsha Chiffon Solid Women Dupatta,0.0
2026-05-18,SKU:sky blue pack 1,DUPHCTQ4FCZUDHGP,Mehsha Chiffon Solid Women Dupatta,0.0
2026-05-25,SKU:sky blue pack 1,DUPHCTQ4FCZUDHGP,Mehsha Chiffon Solid Women Dupatta,0.0
2026-06-01,SKU:sky blue pack 1,DUPHCTQ4FCZUDHGP,Mehsha Chiffon Solid Women Dupatta,0.0
2026-06-08,SKU:sky blue pack 1,DUPHCTQ4FCZUDHGP,Mehsha Chiffon Solid Women Dupatta,0.0
2026-06-15,SKU:sky blue pack 1,DUPHCTQ4FCZUDHGP,Mehsha Chiffon Solid Women Dupatta,0.0
2026-06-22,SKU:sky blue pack 1,DUPHCTQ4FCZUDHGP,Mehsha Chiffon Solid Women Dupatta,0.0
2026-06-29,SKU:sky blue pack 1,DUPHCTQ4FCZUDHGP,Mehsha Chiffon Solid Women Dupatta,0.0
2026-07-06,SKU:sky blue pack 1,DUPHCTQ4FCZUDHGP,Mehsha Chiffon Solid Women Dupatta,0.0
2026-07-13,SKU:sky blue pack 1,DUPHCTQ4FCZUDHGP,Mehsha Chiffon Solid Women Dupatta,0.0
2026-07-20,SKU:sky blue pack 1,DUPHCTQ4FCZUDHGP,Mehsha Chiffon Solid Women Dupatta,0.0
2026-07-27,SKU:sky blue pack 1,DUPHCTQ4FCZUDHGP,Mehsha Chiffon Solid Women Dupatta,0.0
2026-08-03,SKU:sky blue pack 1,DUPHCTQ4FCZUDHGP,Mehsha Chiffon Solid Women Dupatta,0.0
2026-08-10,SKU:sky blue pack 1,DUPHCTQ4FCZUDHGP,Mehsha Chiffon Solid Women Dupatta,0.0
2026-08-17,SKU:sky blue pack 1,DUPHCTQ4FCZUDHGP,Mehsha Chiffon Solid Women Dupatta,0.0
2026-08-24,SKU:sky blue pack 1,DUPHCTQ4FCZUDHGP,Mehsha Chiffon Solid Women Dupatta,3.0
2026-08-31,SKU:sky blue pack 1,DUPHCTQ4FCZUDHGP,Mehsha Chiffon Solid Women Dupatta,0.0
2026-03-23,SKU:sp_cream pack 1,XDSHF3XPWAVGCGVS,MEHSHA Chiffon Women Dupatta,1.0
2026-03-30,SKU:sp_cream pack 1,XDSHF3XPWAVGCGVS,MEHSHA Chiffon Women Dupatta,0.0
2026-04-06,SKU:sp_cream pack 1,XDSHF3XPWAVGCGVS,MEHSHA Chiffon Women Dupatta,0.0
2026-04-13,SKU:sp_cream pack 1,XDSHF3XPWAVGCGVS,MEHSHA Chiffon Women Dupatta,0.0
2026-04-20,SKU:sp_cream pack 1,XDSHF3XPWAVGCGVS,MEHSHA Chiffon Women Dupatta,0.0
2026-04-27,SKU:sp_cream pack 1,XDSHF3XPWAVGCGVS,MEHSHA Chiffon Women Dupatta,0.0
2026-05-04,SKU:sp_cream pack 1,XDSHF3XPWAVGCGVS,MEHSHA Chiffon Women Dupatta,0.0
2026-05-11,SKU:sp_cream pack 1,XDSHF3XPWAVGCGVS,MEHSHA Chiffon Women Dupatta,0.0
2026-05-18,SKU:sp_cream pack 1,XDSHF3XPWAVGCGVS,MEHSHA Chiffon Women Dupatta,0.0
2026-05-25,SKU:sp_cream pack 1,XDSHF3XPWAVGCGVS,MEHSHA Chiffon Women Dupatta,0.0
2026-06-01,SKU:sp_cream pack 1,XDSHF3XPWAVGCGVS,MEHSHA Chiffon Women Dupatta,0.0
2026-06-08,SKU:sp_cream pack 1,XDSHF3XPWAVGCGVS,MEHSHA Chiffon Women Dupatta,0.0
2026-06-15,SKU:sp_cream pack 1,XDSHF3XPWAVGCGVS,MEHSHA Chiffon Women Dupatta,0.0
2026-06-22,SKU:sp_cream pack 1,XDSHF3XPWAVGCGVS,MEHSHA Chiffon Women Dupatta,0.0
2026-06-29,SKU:sp_cream pack 1,XDSHF3XPWAVGCGVS,MEHSHA Chiffon Women Dupatta,0.0
2026-07-06,SKU:sp_cream pack 1,XDSHF3XPWAVGCGVS,MEHSHA Chiffon Women Dupatta,0.0
2026-07-13,SKU:sp_cream pack 1,XDSHF3XPWAVGCGVS,MEHSHA Chiffon Women Dupatta,0.0
2026-07-20,SKU:sp_cream pack 1,XDSHF3XPWAVGCGVS,MEHSHA Chiffon Women Dupatta,0.0
2026-07-27,SKU:sp_cream pack 1,XDSHF3XPWAVGCGVS,MEHSHA Chiffon Women Dupatta,0.0
2026-08-03,SKU:sp_cream pack 1,XDSHF3XPWAVGCGVS,MEHSHA Chiffon Women Dupatta,0.0
2026-08-10,SKU:sp_cream pack 1,XDSHF3XPWAVGCGVS,MEHSHA Chiffon Women Dupatta,0.0
2026-08-17,SKU:sp_cream pack 1,XDSHF3XPWAVGCGVS,MEHSHA Chiffon Women Dupatta,0.0
2026-08-24,SKU:sp_cream pack 1,XDSHF3XPWAVGCGVS,MEHSHA Chiffon Women Dupatta,0.0
2026-08-31,SKU:sp_cream pack 1,XDSHF3XPWAVGCGVS,MEHSHA Chiffon Women Dupatta,0.0
2026-03-30,SKU:sp_lavender pack 1,XDSHF3XZKHRKV7ST,MEHSHA Chiffon Women Dupatta,1.0
2026-04-06,SKU:sp_lavender pack 1,XDSHF3XZKHRKV7ST,MEHSHA Chiffon Women Dupatta,0.0
2026-04-13,SKU:sp_lavender pack 1,XDSHF3XZKHRKV7ST,MEHSHA Chiffon Women Dupatta,0.0
2026-04-20,SKU:sp_lavender pack 1,XDSHF3XZKHRKV7ST,MEHSHA Chiffon Women Dupatta,0.0
2026-04-27,SKU:sp_lavender pack 1,XDSHF3XZKHRKV7ST,MEHSHA Chiffon Women Dupatta,0.0
2026-05-04,SKU:sp_lavender pack 1,XDSHF3XZKHRKV7ST,MEHSHA Chiffon Women Dupatta,0.0
2026-05-11,SKU:sp_lavender pack 1,XDSHF3XZKHRKV7ST,MEHSHA Chiffon Women Dupatta,0.0
2026-05-18,SKU:sp_lavender pack 1,XDSHF3XZKHRKV7ST,MEHSHA Chiffon Women Dupatta,0.0
2026-05-25,SKU:sp_lavender pack 1,XDSHF3XZKHRKV7ST,MEHSHA Chiffon Women Dupatta,0.0
2026-06-01,SKU:sp_lavender pack 1,XDSHF3XZKHRKV7ST,MEHSHA Chiffon Women Dupatta,0.0
2026-06-08,SKU:sp_lavender pack 1,XDSHF3XZKHRKV7ST,MEHSHA Chiffon Women Dupatta,0.0
2026-06-15,SKU:sp_lavender pack 1,XDSHF3XZKHRKV7ST,MEHSHA Chiffon Women Dupatta,0.0
2026-06-22,SKU:sp_lavender pack 1,XDSHF3XZKHRKV7ST,MEHSHA Chiffon Women Dupatta,0.0
2026-06-29,SKU:sp_lavender pack 1,XDSHF3XZKHRKV7ST,MEHSHA Chiffon Women Dupatta,0.0
2026-07-06,SKU:sp_lavender pack 1,XDSHF3XZKHRKV7ST,MEHSHA Chiffon Women Dupatta,0.0
2026-07-13,SKU:sp_lavender pack 1,XDSHF3XZKHRKV7ST,MEHSHA Chiffon Women Dupatta,0.0
2026-07-20,SKU:sp_lavender pack 1,XDSHF3XZKHRKV7ST,MEHSHA Chiffon Women Dupatta,1.0
2026-07-27,SKU:sp_lavender pack 1,XDSHF3XZKHRKV7ST,MEHSHA Chiffon Women Dupatta,0.0
2026-08-03,SKU:sp_lavender pack 1,XDSHF3XZKHRKV7ST,MEHSHA Chiffon Women Dupatta,0.0
2026-08-10,SKU:sp_lavender pack 1,XDSHF3XZKHRKV7ST,MEHSHA Chiffon Women Dupatta,0.0
2026-08-17,SKU:sp_lavender pack 1,XDSHF3XZKHRKV7ST,MEHSHA Chiffon Women Dupatta,0.0
2026-08-24,SKU:sp_lavender pack 1,XDSHF3XZKHRKV7ST,MEHSHA Chiffon Women Dupatta,0.0
2026-08-31,SKU:sp_lavender pack 1,XDSHF3XZKHRKV7ST,MEHSHA Chiffon Women Dupatta,0.0
2026-04-20,SKU:sp_light pink pack 1,XDSHF3XZGPGZQ5MQ,MEHSHA Chiffon Women Dupatta,1.0
2026-04-27,SKU:sp_light pink pack 1,XDSHF3XZGPGZQ5MQ,MEHSHA Chiffon Women Dupatta,0.0
2026-05-04,SKU:sp_light pink pack 1,XDSHF3XZGPGZQ5MQ,MEHSHA Chiffon Women Dupatta,0.0
2026-05-11,SKU:sp_light pink pack 1,XDSHF3XZGPGZQ5MQ,MEHSHA Chiffon Women Dupatta,0.0
2026-05-18,SKU:sp_light pink pack 1,XDSHF3XZGPGZQ5MQ,MEHSHA Chiffon Women Dupatta,0.0
2026-05-25,SKU:sp_light pink pack 1,XDSHF3XZGPGZQ5MQ,MEHSHA Chiffon Women Dupatta,0.0
2026-06-01,SKU:sp_light pink pack 1,XDSHF3XZGPGZQ5MQ,MEHSHA Chiffon Women Dupatta,0.0
2026-06-08,SKU:sp_light pink pack 1,XDSHF3XZGPGZQ5MQ,MEHSHA Chiffon Women Dupatta,0.0
2026-06-15,SKU:sp_light pink pack 1,XDSHF3XZGPGZQ5MQ,MEHSHA Chiffon Women Dupatta,0.0
2026-06-22,SKU:sp_light pink pack 1,XDSHF3XZGPGZQ5MQ,MEHSHA Chiffon Women Dupatta,0.0
2026-06-29,SKU:sp_light pink pack 1,XDSHF3XZGPGZQ5MQ,MEHSHA Chiffon Women Dupatta,0.0
2026-07-06,SKU:sp_light pink pack 1,XDSHF3XZGPGZQ5MQ,MEHSHA Chiffon Women Dupatta,0.0
2026-07-13,SKU:sp_light pink pack 1,XDSHF3XZGPGZQ5MQ,MEHSHA Chiffon Women Dupatta,0.0
2026-07-20,SKU:sp_light pink pack 1,XDSHF3XZGPGZQ5MQ,MEHSHA Chiffon Women Dupatta,0.0
2026-07-27,SKU:sp_light pink pack 1,XDSHF3XZGPGZQ5MQ,MEHSHA Chiffon Women Dupatta,0.0
2026-08-03,SKU:sp_light pink pack 1,XDSHF3XZGPGZQ5MQ,MEHSHA Chiffon Women Dupatta,0.0
2026-08-10,SKU:sp_light pink pack 1,XDSHF3XZGPGZQ5MQ,MEHSHA Chiffon Women Dupatta,0.0
2026-08-17,SKU:sp_light pink pack 1,XDSHF3XZGPGZQ5MQ,MEHSHA Chiffon Women Dupatta,0.0
2026-08-24,SKU:sp_light pink pack 1,XDSHF3XZGPGZQ5MQ,MEHSHA Chiffon Women Dupatta,0.0
2026-08-31,SKU:sp_light pink pack 1,XDSHF3XZGPGZQ5MQ,MEHSHA Chiffon Women Dupatta,0.0
2026-02-02,SKU:sp_navy p1,XDSHF3XZTQADXQV9,MEHSHA Chiffon Women Dupatta,1.0
2026-02-09,SKU:sp_navy p1,XDSHF3XZTQADXQV9,MEHSHA Chiffon Women Dupatta,0.0
2026-02-16,SKU:sp_navy p1,XDSHF3XZTQADXQV9,MEHSHA Chiffon Women Dupatta,0.0
2026-02-23,SKU:sp_navy p1,XDSHF3XZTQADXQV9,MEHSHA Chiffon Women Dupatta,0.0
2026-03-02,SKU:sp_navy p1,XDSHF3XZTQADXQV9,MEHSHA Chiffon Women Dupatta,0.0
2026-03-09,SKU:sp_navy p1,XDSHF3XZTQADXQV9,MEHSHA Chiffon Women Dupatta,0.0
2026-03-16,SKU:sp_navy p1,XDSHF3XZTQADXQV9,MEHSHA Chiffon Women Dupatta,0.0
2026-03-23,SKU:sp_navy p1,XDSHF3XZTQADXQV9,MEHSHA Chiffon Women Dupatta,0.0
2026-03-30,SKU:sp_navy p1,XDSHF3XZTQADXQV9,MEHSHA Chiffon Women Dupatta,0.0
2026-04-06,SKU:sp_navy p1,XDSHF3XZTQADXQV9,MEHSHA Chiffon Women Dupatta,0.0
2026-04-13,SKU:sp_navy p1,XDSHF3XZTQADXQV9,MEHSHA Chiffon Women Dupatta,0.0
2026-04-20,SKU:sp_navy p1,XDSHF3XZTQADXQV9,MEHSHA Chiffon Women Dupatta,0.0
2026-04-27,SKU:sp_navy p1,XDSHF3XZTQADXQV9,MEHSHA Chiffon Women Dupatta,0.0
2026-05-04,SKU:sp_navy p1,XDSHF3XZTQADXQV9,MEHSHA Chiffon Women Dupatta,0.0
2026-05-11,SKU:sp_navy p1,XDSHF3XZTQADXQV9,MEHSHA Chiffon Women Dupatta,0.0
2026-05-18,SKU:sp_navy p1,XDSHF3XZTQADXQV9,MEHSHA Chiffon Women Dupatta,0.0
2026-05-25,SKU:sp_navy p1,XDSHF3XZTQADXQV9,MEHSHA Chiffon Women Dupatta,0.0
2026-06-01,SKU:sp_navy p1,XDSHF3XZTQADXQV9,MEHSHA Chiffon Women Dupatta,0.0
2026-06-08,SKU:sp_navy p1,XDSHF3XZTQADXQV9,MEHSHA Chiffon Women Dupatta,0.0
2026-06-15,SKU:sp_navy p1,XDSHF3XZTQADXQV9,MEHSHA Chiffon Women Dupatta,0.0
2026-06-22,SKU:sp_navy p1,XDSHF3XZTQADXQV9,MEHSHA Chiffon Women Dupatta,0.0
2026-06-29,SKU:sp_navy p1,XDSHF3XZTQADXQV9,MEHSHA Chiffon Women Dupatta,0.0
2026-07-06,SKU:sp_navy p1,XDSHF3XZTQADXQV9,MEHSHA Chiffon Women Dupatta,0.0
2026-07-13,SKU:sp_navy p1,XDSHF3XZTQADXQV9,MEHSHA Chiffon Women Dupatta,0.0
2026-07-20,SKU:sp_navy p1,XDSHF3XZTQADXQV9,MEHSHA Chiffon Women Dupatta,0.0
2026-07-27,SKU:sp_navy p1,XDSHF3XZTQADXQV9,MEHSHA Chiffon Women Dupatta,0.0
2026-08-03,SKU:sp_navy p1,XDSHF3XZTQADXQV9,MEHSHA Chiffon Women Dupatta,0.0
2026-08-10,SKU:sp_navy p1,XDSHF3XZTQADXQV9,MEHSHA Chiffon Women Dupatta,0.0
2026-08-17,SKU:sp_navy p1,XDSHF3XZTQADXQV9,MEHSHA Chiffon Women Dupatta,0.0
2026-08-24,SKU:sp_navy p1,XDSHF3XZTQADXQV9,MEHSHA Chiffon Women Dupatta,0.0
2026-08-31,SKU:sp_navy p1,XDSHF3XZTQADXQV9,MEHSHA Chiffon Women Dupatta,0.0
2026-01-26,SKU:sp_peach pack 1,XDSHF3XZPBZEGVZB,MEHSHA Chiffon Women Dupatta,1.0
2026-02-02,SKU:sp_peach pack 1,XDSHF3XZPBZEGVZB,MEHSHA Chiffon Women Dupatta,0.0
2026-02-09,SKU:sp_peach pack 1,XDSHF3XZPBZEGVZB,MEHSHA Chiffon Women Dupatta,1.0
2026-02-16,SKU:sp_peach pack 1,XDSHF3XZPBZEGVZB,MEHSHA Chiffon Women Dupatta,0.0
2026-02-23,SKU:sp_peach pack 1,XDSHF3XZPBZEGVZB,MEHSHA Chiffon Women Dupatta,0.0
2026-03-02,SKU:sp_peach pack 1,XDSHF3XZPBZEGVZB,MEHSHA Chiffon Women Dupatta,0.0
2026-03-09,SKU:sp_peach pack 1,XDSHF3XZPBZEGVZB,MEHSHA Chiffon Women Dupatta,0.0
2026-03-16,SKU:sp_peach pack 1,XDSHF3XZPBZEGVZB,MEHSHA Chiffon Women Dupatta,0.0
2026-03-23,SKU:sp_peach pack 1,XDSHF3XZPBZEGVZB,MEHSHA Chiffon Women Dupatta,0.0
2026-03-30,SKU:sp_peach pack 1,XDSHF3XZPBZEGVZB,MEHSHA Chiffon Women Dupatta,0.0
2026-04-06,SKU:sp_peach pack 1,XDSHF3XZPBZEGVZB,MEHSHA Chiffon Women Dupatta,0.0
2026-04-13,SKU:sp_peach pack 1,XDSHF3XZPBZEGVZB,MEHSHA Chiffon Women Dupatta,0.0
2026-04-20,SKU:sp_peach pack 1,XDSHF3XZPBZEGVZB,MEHSHA Chiffon Women Dupatta,0.0
2026-04-27,SKU:sp_peach pack 1,XDSHF3XZPBZEGVZB,MEHSHA Chiffon Women Dupatta,0.0
2026-05-04,SKU:sp_peach pack 1,XDSHF3XZPBZEGVZB,MEHSHA Chiffon Women Dupatta,0.0
2026-05-11,SKU:sp_peach pack 1,XDSHF3XZPBZEGVZB,MEHSHA Chiffon Women Dupatta,0.0
2026-05-18,SKU:sp_peach pack 1,XDSHF3XZPBZEGVZB,MEHSHA Chiffon Women Dupatta,0.0
2026-05-25,SKU:sp_peach pack 1,XDSHF3XZPBZEGVZB,MEHSHA Chiffon Women Dupatta,0.0
2026-06-01,SKU:sp_peach pack 1,XDSHF3XZPBZEGVZB,MEHSHA Chiffon Women Dupatta,0.0
2026-06-08,SKU:sp_peach pack 1,XDSHF3XZPBZEGVZB,MEHSHA Chiffon Women Dupatta,0.0
2026-06-15,SKU:sp_peach pack 1,XDSHF3XZPBZEGVZB,MEHSHA Chiffon Women Dupatta,0.0
2026-06-22,SKU:sp_peach pack 1,XDSHF3XZPBZEGVZB,MEHSHA Chiffon Women Dupatta,0.0
2026-06-29,SKU:sp_peach pack 1,XDSHF3XZPBZEGVZB,MEHSHA Chiffon Women Dupatta,0.0
2026-07-06,SKU:sp_peach pack 1,XDSHF3XZPBZEGVZB,MEHSHA Chiffon Women Dupatta,0.0
2026-07-13,SKU:sp_peach pack 1,XDSHF3XZPBZEGVZB,MEHSHA Chiffon Women Dupatta,0.0
2026-07-20,SKU:sp_peach pack 1,XDSHF3XZPBZEGVZB,MEHSHA Chiffon Women Dupatta,0.0
2026-07-27,SKU:sp_peach pack 1,XDSHF3XZPBZEGVZB,MEHSHA Chiffon Women Dupatta,0.0
2026-08-03,SKU:sp_peach pack 1,XDSHF3XZPBZEGVZB,MEHSHA Chiffon Women Dupatta,0.0
2026-08-10,SKU:sp_peach pack 1,XDSHF3XZPBZEGVZB,MEHSHA Chiffon Women Dupatta,0.0
2026-08-17,SKU:sp_peach pack 1,XDSHF3XZPBZEGVZB,MEHSHA Chiffon Women Dupatta,0.0
2026-08-24,SKU:sp_peach pack 1,XDSHF3XZPBZEGVZB,MEHSHA Chiffon Women Dupatta,0.0
2026-08-31,SKU:sp_peach pack 1,XDSHF3XZPBZEGVZB,MEHSHA Chiffon Women Dupatta,0.0
2026-03-30,SKU:st-mp-blk-1pk,DUPHG9DFSKGGVGZR,HURAFASHIONSAB Georgette Solid Women Dupatta,3.0
2026-04-06,SKU:st-mp-blk-1pk,DUPHG9DFSKGGVGZR,HURAFASHIONSAB Georgette Solid Women Dupatta,1.0
2026-04-13,SKU:st-mp-blk-1pk,DUPHG9DFSKGGVGZR,HURAFASHIONSAB Georgette Solid Women Dupatta,0.0
2026-04-20,SKU:st-mp-blk-1pk,DUPHG9DFSKGGVGZR,HURAFASHIONSAB Georgette Solid Women Dupatta,2.0
2026-04-27,SKU:st-mp-blk-1pk,DUPHG9DFSKGGVGZR,HURAFASHIONSAB Georgette Solid Women Dupatta,3.0
2026-05-04,SKU:st-mp-blk-1pk,DUPHG9DFSKGGVGZR,HURAFASHIONSAB Georgette Solid Women Dupatta,1.0
2026-05-11,SKU:st-mp-blk-1pk,DUPHG9DFSKGGVGZR,HURAFASHIONSAB Georgette Solid Women Dupatta,0.0
2026-05-18,SKU:st-mp-blk-1pk,DUPHG9DFSKGGVGZR,HURAFASHIONSAB Georgette Solid Women Dupatta,0.0
2026-05-25,SKU:st-mp-blk-1pk,DUPHG9DFSKGGVGZR,HURAFASHIONSAB Georgette Solid Women Dupatta,0.0
2026-06-01,SKU:st-mp-blk-1pk,DUPHG9DFSKGGVGZR,HURAFASHIONSAB Georgette Solid Women Dupatta,0.0
2026-06-08,SKU:st-mp-blk-1pk,DUPHG9DFSKGGVGZR,HURAFASHIONSAB Georgette Solid Women Dupatta,0.0
2026-06-15,SKU:st-mp-blk-1pk,DUPHG9DFSKGGVGZR,HURAFASHIONSAB Georgette Solid Women Dupatta,0.0
2026-06-22,SKU:st-mp-blk-1pk,DUPHG9DFSKGGVGZR,HURAFASHIONSAB Georgette Solid Women Dupatta,0.0
2026-06-29,SKU:st-mp-blk-1pk,DUPHG9DFSKGGVGZR,HURAFASHIONSAB Georgette Solid Women Dupatta,0.0
2026-07-06,SKU:st-mp-blk-1pk,DUPHG9DFSKGGVGZR,HURAFASHIONSAB Georgette Solid Women Dupatta,1.0
2026-07-13,SKU:st-mp-blk-1pk,DUPHG9DFSKGGVGZR,HURAFASHIONSAB Georgette Solid Women Dupatta,0.0
2026-07-20,SKU:st-mp-blk-1pk,DUPHG9DFSKGGVGZR,HURAFASHIONSAB Georgette Solid Women Dupatta,0.0
2026-07-27,SKU:st-mp-blk-1pk,DUPHG9DFSKGGVGZR,HURAFASHIONSAB Georgette Solid Women Dupatta,0.0
2026-08-03,SKU:st-mp-blk-1pk,DUPHG9DFSKGGVGZR,HURAFASHIONSAB Georgette Solid Women Dupatta,1.0
2026-08-10,SKU:st-mp-blk-1pk,DUPHG9DFSKGGVGZR,HURAFASHIONSAB Georgette Solid Women Dupatta,1.0
2026-08-17,SKU:st-mp-blk-1pk,DUPHG9DFSKGGVGZR,HURAFASHIONSAB Georgette Solid Women Dupatta,1.0
2026-08-24,SKU:st-mp-blk-1pk,DUPHG9DFSKGGVGZR,HURAFASHIONSAB Georgette Solid Women Dupatta,0.0
2026-08-31,SKU:st-mp-blk-1pk,DUPHG9DFSKGGVGZR,HURAFASHIONSAB Georgette Solid Women Dupatta,1.0
2026-08-24,SKU:st-mp-blk-mrn-pk2,DUPHJHJPK9R8UBSH,MATIFA Georgette Solid Women Dupatta,2.0
2026-08-31,SKU:st-mp-blk-mrn-pk2,DUPHJHJPK9R8UBSH,MATIFA Georgette Solid Women Dupatta,2.0
2026-08-31,SKU:st-mp-blk-pch-pk2,DUPHH4JZKG9ZFJZH,MATIFA Georgette Solid Women Dupatta,1.0
2026-03-30,SKU:st-mp-wht-blk-pk2,DUPHHHBZHFT65FFC,MATIFA Georgette Solid Women Dupatta,1.0
2026-04-06,SKU:st-mp-wht-blk-pk2,DUPHHHBZHFT65FFC,MATIFA Georgette Solid Women Dupatta,3.0
2026-04-13,SKU:st-mp-wht-blk-pk2,DUPHHHBZHFT65FFC,MATIFA Georgette Solid Women Dupatta,0.0
2026-04-20,SKU:st-mp-wht-blk-pk2,DUPHHHBZHFT65FFC,MATIFA Georgette Solid Women Dupatta,1.0
2026-04-27,SKU:st-mp-wht-blk-pk2,DUPHHHBZHFT65FFC,MATIFA Georgette Solid Women Dupatta,11.0
2026-05-04,SKU:st-mp-wht-blk-pk2,DUPHHHBZHFT65FFC,MATIFA Georgette Solid Women Dupatta,4.0
2026-05-11,SKU:st-mp-wht-blk-pk2,DUPHHHBZHFT65FFC,MATIFA Georgette Solid Women Dupatta,2.0
2026-05-18,SKU:st-mp-wht-blk-pk2,DUPHHHBZHFT65FFC,MATIFA Georgette Solid Women Dupatta,1.0
2026-05-25,SKU:st-mp-wht-blk-pk2,DUPHHHBZHFT65FFC,MATIFA Georgette Solid Women Dupatta,0.0
2026-06-01,SKU:st-mp-wht-blk-pk2,DUPHHHBZHFT65FFC,MATIFA Georgette Solid Women Dupatta,0.0
2026-06-08,SKU:st-mp-wht-blk-pk2,DUPHHHBZHFT65FFC,MATIFA Georgette Solid Women Dupatta,0.0
2026-06-15,SKU:st-mp-wht-blk-pk2,DUPHHHBZHFT65FFC,MATIFA Georgette Solid Women Dupatta,0.0
2026-06-22,SKU:st-mp-wht-blk-pk2,DUPHHHBZHFT65FFC,MATIFA Georgette Solid Women Dupatta,0.0
2026-06-29,SKU:st-mp-wht-blk-pk2,DUPHHHBZHFT65FFC,MATIFA Georgette Solid Women Dupatta,1.0
2026-07-06,SKU:st-mp-wht-blk-pk2,DUPHHHBZHFT65FFC,MATIFA Georgette Solid Women Dupatta,3.0
2026-07-13,SKU:st-mp-wht-blk-pk2,DUPHHHBZHFT65FFC,MATIFA Georgette Solid Women Dupatta,0.0
2026-07-20,SKU:st-mp-wht-blk-pk2,DUPHHHBZHFT65FFC,MATIFA Georgette Solid Women Dupatta,0.0
2026-07-27,SKU:st-mp-wht-blk-pk2,DUPHHHBZHFT65FFC,MATIFA Georgette Solid Women Dupatta,4.0
2026-08-03,SKU:st-mp-wht-blk-pk2,DUPHHHBZHFT65FFC,MATIFA Georgette Solid Women Dupatta,1.0
2026-08-10,SKU:st-mp-wht-blk-pk2,DUPHHHBZHFT65FFC,MATIFA Georgette Solid Women Dupatta,5.0
2026-08-17,SKU:st-mp-wht-blk-pk2,DUPHHHBZHFT65FFC,MATIFA Georgette Solid Women Dupatta,3.0
2026-08-24,SKU:st-mp-wht-blk-pk2,DUPHHHBZHFT65FFC,MATIFA Georgette Solid Women Dupatta,6.0
2026-08-31,SKU:st-mp-wht-blk-pk2,DUPHHHBZHFT65FFC,MATIFA Georgette Solid Women Dupatta,2.0
2025-12-15,SKU:white black grey pack 3,DUPHBTHWNN3E7PXZ,Mehsha Georgette Solid Women Dupatta,4.0
2025-12-22,SKU:white black grey pack 3,DUPHBTHWNN3E7PXZ,Mehsha Georgette Solid Women Dupatta,0.0
2025-12-29,SKU:white black grey pack 3,DUPHBTHWNN3E7PXZ,Mehsha Georgette Solid Women Dupatta,5.0
2026-01-05,SKU:white black grey pack 3,DUPHBTHWNN3E7PXZ,Mehsha Georgette Solid Women Dupatta,6.0
2026-01-12,SKU:white black grey pack 3,DUPHBTHWNN3E7PXZ,Mehsha Georgette Solid Women Dupatta,3.0
2026-01-19,SKU:white black grey pack 3,DUPHBTHWNN3E7PXZ,Mehsha Georgette Solid Women Dupatta,5.0
2026-01-26,SKU:white black grey pack 3,DUPHBTHWNN3E7PXZ,Mehsha Georgette Solid Women Dupatta,4.0
2026-02-02,SKU:white black grey pack 3,DUPHBTHWNN3E7PXZ,Mehsha Georgette Solid Women Dupatta,2.0
2026-02-09,SKU:white black grey pack 3,DUPHBTHWNN3E7PXZ,Mehsha Georgette Solid Women Dupatta,1.0
2026-02-16,SKU:white black grey pack 3,DUPHBTHWNN3E7PXZ,Mehsha Georgette Solid Women Dupatta,3.0
2026-02-23,SKU:white black grey pack 3,DUPHBTHWNN3E7PXZ,Mehsha Georgette Solid Women Dupatta,3.0
2026-03-02,SKU:white black grey pack 3,DUPHBTHWNN3E7PXZ,Mehsha Georgette Solid Women Dupatta,0.0
2026-03-09,SKU:white black grey pack 3,DUPHBTHWNN3E7PXZ,Mehsha Georgette Solid Women Dupatta,0.0
2026-03-16,SKU:white black grey pack 3,DUPHBTHWNN3E7PXZ,Mehsha Georgette Solid Women Dupatta,0.0
2026-03-23,SKU:white black grey pack 3,DUPHBTHWNN3E7PXZ,Mehsha Georgette Solid Women Dupatta,0.0
2026-03-30,SKU:white black grey pack 3,DUPHBTHWNN3E7PXZ,Mehsha Georgette Solid Women Dupatta,0.0
2026-04-06,SKU:white black grey pack 3,DUPHBTHWNN3E7PXZ,Mehsha Georgette Solid Women Dupatta,1.0
2026-04-13,SKU:white black grey pack 3,DUPHBTHWNN3E7PXZ,Mehsha Georgette Solid Women Dupatta,0.0
2026-04-20,SKU:white black grey pack 3,DUPHBTHWNN3E7PXZ,Mehsha Georgette Solid Women Dupatta,0.0
2026-04-27,SKU:white black grey pack 3,DUPHBTHWNN3E7PXZ,Mehsha Georgette Solid Women Dupatta,0.0
2026-05-04,SKU:white black grey pack 3,DUPHBTHWNN3E7PXZ,Mehsha Georgette Solid Women Dupatta,0.0
2026-05-11,SKU:white black grey pack 3,DUPHBTHWNN3E7PXZ,Mehsha Georgette Solid Women Dupatta,0.0
2026-05-18,SKU:white black grey pack 3,DUPHBTHWNN3E7PXZ,Mehsha Georgette Solid Women Dupatta,0.0
2026-05-25,SKU:white black grey pack 3,DUPHBTHWNN3E7PXZ,Mehsha Georgette Solid Women Dupatta,0.0
2026-06-01,SKU:white black grey pack 3,DUPHBTHWNN3E7PXZ,Mehsha Georgette Solid Women Dupatta,0.0
2026-06-08,SKU:white black grey pack 3,DUPHBTHWNN3E7PXZ,Mehsha Georgette Solid Women Dupatta,0.0
2026-06-15,SKU:white black grey pack 3,DUPHBTHWNN3E7PXZ,Mehsha Georgette Solid Women Dupatta,0.0
2026-06-22,SKU:white black grey pack 3,DUPHBTHWNN3E7PXZ,Mehsha Georgette Solid Women Dupatta,1.0
2026-06-29,SKU:white black grey pack 3,DUPHBTHWNN3E7PXZ,Mehsha Georgette Solid Women Dupatta,0.0
2026-07-06,SKU:white black grey pack 3,DUPHBTHWNN3E7PXZ,Mehsha Georgette Solid Women Dupatta,1.0
2026-07-13,SKU:white black grey pack 3,DUPHBTHWNN3E7PXZ,Mehsha Georgette Solid Women Dupatta,2.0
2026-07-20,SKU:white black grey pack 3,DUPHBTHWNN3E7PXZ,Mehsha Georgette Solid Women Dupatta,3.0
2026-07-27,SKU:white black grey pack 3,DUPHBTHWNN3E7PXZ,Mehsha Georgette Solid Women Dupatta,0.0
2026-08-03,SKU:white black grey pack 3,DUPHBTHWNN3E7PXZ,Mehsha Georgette Solid Women Dupatta,0.0
2026-08-10,SKU:white black grey pack 3,DUPHBTHWNN3E7PXZ,Mehsha Georgette Solid Women Dupatta,5.0
2026-08-17,SKU:white black grey pack 3,DUPHBTHWNN3E7PXZ,Mehsha Georgette Solid Women Dupatta,3.0
2026-08-24,SKU:white black grey pack 3,DUPHBTHWNN3E7PXZ,Mehsha Georgette Solid Women Dupatta,0.0
2026-08-31,SKU:white black grey pack 3,DUPHBTHWNN3E7PXZ,Mehsha Georgette Solid Women Dupatta,1.0
2025-12-15,SKU:white black pack 2,DUPHBTHCGMHJYYYM,Mehsha Georgette Solid Women Dupatta,1.0
2025-12-22,SKU:white black pack 2,DUPHBTHCGMHJYYYM,Mehsha Georgette Solid Women Dupatta,0.0
2025-12-29,SKU:white black pack 2,DUPHBTHCGMHJYYYM,Mehsha Georgette Solid Women Dupatta,0.0
2026-01-05,SKU:white black pack 2,DUPHBTHCGMHJYYYM,Mehsha Georgette Solid Women Dupatta,0.0
2026-01-12,SKU:white black pack 2,DUPHBTHCGMHJYYYM,Mehsha Georgette Solid Women Dupatta,1.0
2026-01-19,SKU:white black pack 2,DUPHBTHCGMHJYYYM,Mehsha Georgette Solid Women Dupatta,2.0
2026-01-26,SKU:white black pack 2,DUPHBTHCGMHJYYYM,Mehsha Georgette Solid Women Dupatta,0.0
2026-02-02,SKU:white black pack 2,DUPHBTHCGMHJYYYM,Mehsha Georgette Solid Women Dupatta,0.0
2026-02-09,SKU:white black pack 2,DUPHBTHCGMHJYYYM,Mehsha Georgette Solid Women Dupatta,0.0
2026-02-16,SKU:white black pack 2,DUPHBTHCGMHJYYYM,Mehsha Georgette Solid Women Dupatta,0.0
2026-02-23,SKU:white black pack 2,DUPHBTHCGMHJYYYM,Mehsha Georgette Solid Women Dupatta,0.0
2026-03-02,SKU:white black pack 2,DUPHBTHCGMHJYYYM,Mehsha Georgette Solid Women Dupatta,1.0
2026-03-09,SKU:white black pack 2,DUPHBTHCGMHJYYYM,Mehsha Georgette Solid Women Dupatta,1.0
2026-03-16,SKU:white black pack 2,DUPHBTHCGMHJYYYM,Mehsha Georgette Solid Women Dupatta,0.0
2026-03-23,SKU:white black pack 2,DUPHBTHCGMHJYYYM,Mehsha Georgette Solid Women Dupatta,0.0
2026-03-30,SKU:white black pack 2,DUPHBTHCGMHJYYYM,Mehsha Georgette Solid Women Dupatta,1.0
2026-04-06,SKU:white black pack 2,DUPHBTHCGMHJYYYM,Mehsha Georgette Solid Women Dupatta,1.0
2026-04-13,SKU:white black pack 2,DUPHBTHCGMHJYYYM,Mehsha Georgette Solid Women Dupatta,0.0
2026-04-20,SKU:white black pack 2,DUPHBTHCGMHJYYYM,Mehsha Georgette Solid Women Dupatta,0.0
2026-04-27,SKU:white black pack 2,DUPHBTHCGMHJYYYM,Mehsha Georgette Solid Women Dupatta,0.0
2026-05-04,SKU:white black pack 2,DUPHBTHCGMHJYYYM,Mehsha Georgette Solid Women Dupatta,0.0
2026-05-11,SKU:white black pack 2,DUPHBTHCGMHJYYYM,Mehsha Georgette Solid Women Dupatta,0.0
2026-05-18,SKU:white black pack 2,DUPHBTHCGMHJYYYM,Mehsha Georgette Solid Women Dupatta,2.0
2026-05-25,SKU:white black pack 2,DUPHBTHCGMHJYYYM,Mehsha Georgette Solid Women Dupatta,0.0
2026-06-01,SKU:white black pack 2,DUPHBTHCGMHJYYYM,Mehsha Georgette Solid Women Dupatta,0.0
2026-06-08,SKU:white black pack 2,DUPHBTHCGMHJYYYM,Mehsha Georgette Solid Women Dupatta,0.0
2026-06-15,SKU:white black pack 2,DUPHBTHCGMHJYYYM,Mehsha Georgette Solid Women Dupatta,0.0
2026-06-22,SKU:white black pack 2,DUPHBTHCGMHJYYYM,Mehsha Georgette Solid Women Dupatta,0.0
2026-06-29,SKU:white black pack 2,DUPHBTHCGMHJYYYM,Mehsha Georgette Solid Women Dupatta,0.0
2026-07-06,SKU:white black pack 2,DUPHBTHCGMHJYYYM,Mehsha Georgette Solid Women Dupatta,0.0
2026-07-13,SKU:white black pack 2,DUPHBTHCGMHJYYYM,Mehsha Georgette Solid Women Dupatta,0.0
2026-07-20,SKU:white black pack 2,DUPHBTHCGMHJYYYM,Mehsha Georgette Solid Women Dupatta,1.0
2026-07-27,SKU:white black pack 2,DUPHBTHCGMHJYYYM,Mehsha Georgette Solid Women Dupatta,0.0
2026-08-03,SKU:white black pack 2,DUPHBTHCGMHJYYYM,Mehsha Georgette Solid Women Dupatta,2.0
2026-08-10,SKU:white black pack 2,DUPHBTHCGMHJYYYM,Mehsha Georgette Solid Women Dupatta,0.0
2026-08-17,SKU:white black pack 2,DUPHBTHCGMHJYYYM,Mehsha Georgette Solid Women Dupatta,0.0
2026-08-24,SKU:white black pack 2,DUPHBTHCGMHJYYYM,Mehsha Georgette Solid Women Dupatta,0.0
2026-08-31,SKU:white black pack 2,DUPHBTHCGMHJYYYM,Mehsha Georgette Solid Women Dupatta,0.0
2025-12-15,SKU:white pack 1,DUPHCARXHGJTD7MJ,Mehsha Chiffon Solid Women Dupatta,13.0
2025-12-22,SKU:white pack 1,DUPHCARXHGJTD7MJ,Mehsha Chiffon Solid Women Dupatta,12.0
2025-12-29,SKU:white pack 1,DUPHCARXHGJTD7MJ,Mehsha Chiffon Solid Women Dupatta,15.0
2026-01-05,SKU:white pack 1,DUPHCARXHGJTD7MJ,Mehsha Chiffon Solid Women Dupatta,12.0
2026-01-12,SKU:white pack 1,DUPHCARXHGJTD7MJ,Mehsha Chiffon Solid Women Dupatta,4.0
2026-01-19,SKU:white pack 1,DUPHCARXHGJTD7MJ,Mehsha Chiffon Solid Women Dupatta,7.0
2026-01-26,SKU:white pack 1,DUPHCARXHGJTD7MJ,Mehsha Chiffon Solid Women Dupatta,28.0
2026-02-02,SKU:white pack 1,DUPHCARXHGJTD7MJ,Mehsha Chiffon Solid Women Dupatta,3.0
2026-02-09,SKU:white pack 1,DUPHCARXHGJTD7MJ,Mehsha Chiffon Solid Women Dupatta,2.0
2026-02-16,SKU:white pack 1,DUPHCARXHGJTD7MJ,Mehsha Chiffon Solid Women Dupatta,10.0
2026-02-23,SKU:white pack 1,DUPHCARXHGJTD7MJ,Mehsha Chiffon Solid Women Dupatta,9.0
2026-03-02,SKU:white pack 1,DUPHCARXHGJTD7MJ,Mehsha Chiffon Solid Women Dupatta,2.0
2026-03-09,SKU:white pack 1,DUPHCARXHGJTD7MJ,Mehsha Chiffon Solid Women Dupatta,0.0
2026-03-16,SKU:white pack 1,DUPHCARXHGJTD7MJ,Mehsha Chiffon Solid Women Dupatta,0.0
2026-03-23,SKU:white pack 1,DUPHCARXHGJTD7MJ,Mehsha Chiffon Solid Women Dupatta,1.0
2026-03-30,SKU:white pack 1,DUPHCARXHGJTD7MJ,Mehsha Chiffon Solid Women Dupatta,3.0
2026-04-06,SKU:white pack 1,DUPHCARXHGJTD7MJ,Mehsha Chiffon Solid Women Dupatta,0.0
2026-04-13,SKU:white pack 1,DUPHCARXHGJTD7MJ,Mehsha Chiffon Solid Women Dupatta,0.0
2026-04-20,SKU:white pack 1,DUPHCARXHGJTD7MJ,Mehsha Chiffon Solid Women Dupatta,4.0
2026-04-27,SKU:white pack 1,DUPHCARXHGJTD7MJ,Mehsha Chiffon Solid Women Dupatta,4.0
2026-05-04,SKU:white pack 1,DUPHCARXHGJTD7MJ,Mehsha Chiffon Solid Women Dupatta,6.0
2026-05-11,SKU:white pack 1,DUPHCARXHGJTD7MJ,Mehsha Chiffon Solid Women Dupatta,5.0
2026-05-18,SKU:white pack 1,DUPHCARXHGJTD7MJ,Mehsha Chiffon Solid Women Dupatta,6.0
2026-05-25,SKU:white pack 1,DUPHCARXHGJTD7MJ,Mehsha Chiffon Solid Women Dupatta,0.0
2026-06-01,SKU:white pack 1,DUPHCARXHGJTD7MJ,Mehsha Chiffon Solid Women Dupatta,0.0
2026-06-08,SKU:white pack 1,DUPHCARXHGJTD7MJ,Mehsha Chiffon Solid Women Dupatta,0.0
2026-06-15,SKU:white pack 1,DUPHCARXHGJTD7MJ,Mehsha Chiffon Solid Women Dupatta,0.0
2026-06-22,SKU:white pack 1,DUPHCARXHGJTD7MJ,Mehsha Chiffon Solid Women Dupatta,0.0
2026-06-29,SKU:white pack 1,DUPHCARXHGJTD7MJ,Mehsha Chiffon Solid Women Dupatta,0.0
2026-07-06,SKU:white pack 1,DUPHCARXHGJTD7MJ,Mehsha Chiffon Solid Women Dupatta,0.0
2026-07-13,SKU:white pack 1,DUPHCARXHGJTD7MJ,Mehsha Chiffon Solid Women Dupatta,1.0
2026-07-20,SKU:white pack 1,DUPHCARXHGJTD7MJ,Mehsha Chiffon Solid Women Dupatta,3.0
2026-07-27,SKU:white pack 1,DUPHCARXHGJTD7MJ,Mehsha Chiffon Solid Women Dupatta,2.0
2026-08-03,SKU:white pack 1,DUPHCARXHGJTD7MJ,Mehsha Chiffon Solid Women Dupatta,3.0
2026-08-10,SKU:white pack 1,DUPHCARXHGJTD7MJ,Mehsha Chiffon Solid Women Dupatta,6.0
2026-08-17,SKU:white pack 1,DUPHCARXHGJTD7MJ,Mehsha Chiffon Solid Women Dupatta,3.0
2026-08-24,SKU:white pack 1,DUPHCARXHGJTD7MJ,Mehsha Chiffon Solid Women Dupatta,1.0
2026-08-31,SKU:white pack 1,DUPHCARXHGJTD7MJ,Mehsha Chiffon Solid Women Dupatta,0.0
